recipe_title,description,preparation_time,category,instruction,calories,protein,carbs,fats,"list of ingredients used (ingredient_name, quantity, unit, calories)"
Cheesy Bacon Omelet (Style #1),A classic hearty three-egg omelet loaded with crispy bacon and melted cheddar.,8 mins,breakfast,"Step 1: Prep and clean all raw items. Step 2: Combine your base elements (Large egg, Bacon (raw)). Step 3: Cook or assemble for 8 minutes. Step 4: Finish with remaining toppings and serve immediately.",876,45g,119g,22g,(Large egg; 15; grams; 21 kcal) | (Bacon (raw); 150; grams; 626 kcal) | (Cheddar cheese; 30; grams; 121 kcal) | (Butter; 15; grams; 108 kcal)
Classic BLT (Style #2),Crispy smoked bacon slices layered with fresh tomatoes and crisp iceberg lettuce.,13 mins,lunch,"Step 1: Prep and clean all raw items. Step 2: Combine your base elements (Bacon (raw), Tomato). Step 3: Cook or assemble for 13 minutes. Step 4: Finish with remaining toppings and serve immediately.",873,52g,102g,24g,(Bacon (raw); 100; grams; 417 kcal) | (Tomato; 15; grams; 3 kcal) | (Lettuce (iceberg); 30; grams; 4 kcal) | (Mayonnaise; 50; grams; 340 kcal) | (All-purpose flour; 30; grams; 109 kcal)
Classic Pork Chop Dinner (Style #3),"Thick, juicy boneless pork chops pan-seared alongside seasoned roasted russet potatoes.",23 mins,dinner,"Step 1: Prep and clean all raw items. Step 2: Combine your base elements (Pork chop (raw, boneless), Russet potato). Step 3: Cook or assemble for 23 minutes. Step 4: Finish with remaining toppings and serve immediately.",1103,78g,115g,40g,"(Pork chop (raw, boneless); 30; grams; 30 kcal) | (Russet potato; 50; grams; 40 kcal) | (Olive oil; 100; grams; 884 kcal) | (Garlic; 100; grams; 149 kcal)"
Cottage Cheese with Berries (Style #4),High-protein cottage cheese topped with fresh raspberries and a light honey drizzle.,7 mins,snack,"Step 1: Prep and clean all raw items. Step 2: Combine your base elements (Cottage cheese, Raspberries). Step 3: Cook or assemble for 7 minutes. Step 4: Finish with remaining toppings and serve immediately.",477,33g,52g,15g,(Cottage cheese; 150; grams; 147 kcal) | (Raspberries; 50; grams; 26 kcal) | (Honey; 100; grams; 304 kcal)
Vanilla Berry Shortcake (Style #5),"Sweet, tender home-baked shortcake biscuits layered with berries and heavy cream.",25 mins,dessert,"Step 1: Prep and clean all raw items. Step 2: Combine your base elements (All-purpose flour, Heavy cream). Step 3: Cook or assemble for 25 minutes. Step 4: Finish with remaining toppings and serve immediately.",1320,70g,172g,43g,(All-purpose flour; 150; grams; 546 kcal) | (Heavy cream; 15; grams; 51 kcal) | (Strawberries; 150; grams; 48 kcal) | (Sugar (granulated); 100; grams; 387 kcal) | (Vanilla extract; 100; grams; 288 kcal)
Avocado Toast (Style #6),Creamy smashed avocado over toasted whole wheat or simple bread alternatives.,5 mins,breakfast,"Step 1: Prep and clean all raw items. Step 2: Combine your base elements (Avocado, All-purpose flour). Step 3: Cook or assemble for 5 minutes. Step 4: Finish with remaining toppings and serve immediately.",275,15g,34g,8g,(Avocado; 15; grams; 24 kcal) | (All-purpose flour; 30; grams; 109 kcal) | (Olive oil; 15; grams; 133 kcal) | (Tomato; 50; grams; 9 kcal)
Black Bean and Corn Bowl (Style #7),"A hearty vegetarian fiber bowl featuring black beans, sweet corn, and a bright lime dressing.",16 mins,lunch,"Step 1: Prep and clean all raw items. Step 2: Combine your base elements (Black beans (canned), Corn (kernels)). Step 3: Cook or assemble for 16 minutes. Step 4: Finish with remaining toppings and serve immediately.",565,32g,72g,18g,(Black beans (canned); 30; grams; 27 kcal) | (Corn (kernels); 100; grams; 86 kcal) | (Bell pepper (green); 30; grams; 6 kcal) | (Olive oil; 50; grams; 442 kcal) | (Lime; 15; grams; 4 kcal)
Shrimp Scampi Noodles (Style #8),"Plump, juicy shrimp sauteed in a bright, savory garlic, lemon, and butter sauce over noodles.",17 mins,dinner,"Step 1: Prep and clean all raw items. Step 2: Combine your base elements (Shrimp (raw), Egg noodles (dry)). Step 3: Cook or assemble for 17 minutes. Step 4: Finish with remaining toppings and serve immediately.",693,30g,85g,18g,(Shrimp (raw); 50; grams; 42 kcal) | (Egg noodles (dry); 100; grams; 380 kcal) | (Butter; 15; grams; 108 kcal) | (Garlic; 100; grams; 149 kcal) | (Lemon; 50; grams; 14 kcal)
Tomato and Mozzarella Caprese (Style #9),Fresh sliced tomatoes paired with soft mozzarella cheese and a drizzle of balsamic vinegar.,7 mins,snack,"Step 1: Prep and clean all raw items. Step 2: Combine your base elements (Tomato, Mozzarella cheese). Step 3: Cook or assemble for 7 minutes. Step 4: Finish with remaining toppings and serve immediately.",598,24g,68g,23g,(Tomato; 15; grams; 3 kcal) | (Mozzarella cheese; 50; grams; 140 kcal) | (Balsamic vinegar; 15; grams; 13 kcal) | (Olive oil; 50; grams; 442 kcal)
Fudgy Cocoa Brownies (Style #10),"Rich, dense, and intensely chocolatey brownies made using dark cocoa powder.",27 mins,dessert,"Step 1: Prep and clean all raw items. Step 2: Combine your base elements (Cocoa powder, Sugar (granulated)). Step 3: Cook or assemble for 27 minutes. Step 4: Finish with remaining toppings and serve immediately.",2434,164g,332g,71g,(Cocoa powder; 150; grams; 342 kcal) | (Sugar (granulated); 150; grams; 580 kcal) | (Butter; 150; grams; 1076 kcal) | (All-purpose flour; 100; grams; 364 kcal) | (Large egg; 50; grams; 72 kcal)
Avocado Toast (Style #11),Creamy smashed avocado over toasted whole wheat or simple bread alternatives.,5 mins,breakfast,"Step 1: Prep and clean all raw items. Step 2: Combine your base elements (Avocado, All-purpose flour). Step 3: Cook or assemble for 5 minutes. Step 4: Finish with remaining toppings and serve immediately.",1063,71g,146g,38g,(Avocado; 30; grams; 48 kcal) | (All-purpose flour; 150; grams; 546 kcal) | (Olive oil; 50; grams; 442 kcal) | (Tomato; 150; grams; 27 kcal)
Spinach and Feta Salad (Style #12),Crisp spinach greens tossed with tangy crumbles of feta cheese and roasted sunflower seeds.,9 mins,lunch,"Step 1: Prep and clean all raw items. Step 2: Combine your base elements (Spinach (raw), Feta cheese). Step 3: Cook or assemble for 9 minutes. Step 4: Finish with remaining toppings and serve immediately.",1608,75g,166g,59g,(Spinach (raw); 50; grams; 12 kcal) | (Feta cheese; 15; grams; 40 kcal) | (Sunflower seeds (hulled); 100; grams; 584 kcal) | (Olive oil; 100; grams; 884 kcal) | (Balsamic vinegar; 100; grams; 88 kcal)
Shrimp Scampi Noodles (Style #13),"Plump, juicy shrimp sauteed in a bright, savory garlic, lemon, and butter sauce over noodles.",15 mins,dinner,"Step 1: Prep and clean all raw items. Step 2: Combine your base elements (Shrimp (raw), Egg noodles (dry)). Step 3: Cook or assemble for 15 minutes. Step 4: Finish with remaining toppings and serve immediately.",793,32g,85g,25g,(Shrimp (raw); 150; grams; 128 kcal) | (Egg noodles (dry); 30; grams; 114 kcal) | (Butter; 50; grams; 358 kcal) | (Garlic; 100; grams; 149 kcal) | (Lemon; 150; grams; 44 kcal)
Apple with Peanut Butter (Style #14),"Crisp, sweet apple slices paired perfectly with a serving of creamy peanut butter.",5 mins,snack,"Step 1: Prep and clean all raw items. Step 2: Combine your base elements (Apple (with skin), Peanut butter). Step 3: Cook or assemble for 5 minutes. Step 4: Finish with remaining toppings and serve immediately.",310,17g,42g,8g,(Apple (with skin); 30; grams; 16 kcal) | (Peanut butter; 50; grams; 294 kcal)
Avocado Chocolate Mousse (Style #15),A surprisingly rich and creamy healthy mousse combining ripe avocado with sweet cocoa powder.,15 mins,dessert,"Step 1: Prep and clean all raw items. Step 2: Combine your base elements (Avocado, Cocoa powder). Step 3: Cook or assemble for 15 minutes. Step 4: Finish with remaining toppings and serve immediately.",315,18g,43g,12g,(Avocado; 100; grams; 160 kcal) | (Cocoa powder; 50; grams; 114 kcal) | (Maple syrup; 15; grams; 39 kcal) | (Almond milk (unsweetened); 15; grams; 2 kcal)
Peanut Butter Banana Oats (Style #16),"Thick, creamy oatmeal swirled with rich peanut butter and sweet sliced banana.",5 mins,breakfast,"Step 1: Prep and clean all raw items. Step 2: Combine your base elements (Rolled oats, Whole milk). Step 3: Cook or assemble for 5 minutes. Step 4: Finish with remaining toppings and serve immediately.",444,32g,44g,13g,(Rolled oats; 30; grams; 114 kcal) | (Whole milk; 15; grams; 9 kcal) | (Peanut butter; 50; grams; 294 kcal) | (Banana; 30; grams; 27 kcal)
Turkey Club Salad (Style #17),Lean deli turkey strips served over crunchy iceberg lettuce with bacon and tomatoes.,15 mins,lunch,"Step 1: Prep and clean all raw items. Step 2: Combine your base elements (Turkey breast (raw), Bacon (raw)). Step 3: Cook or assemble for 15 minutes. Step 4: Finish with remaining toppings and serve immediately.",883,41g,102g,22g,(Turkey breast (raw); 100; grams; 114 kcal) | (Bacon (raw); 150; grams; 626 kcal) | (Lettuce (iceberg); 100; grams; 14 kcal) | (Tomato; 150; grams; 27 kcal) | (Mayonnaise; 15; grams; 102 kcal)
Turkey Rice Casserole (Style #18),Savory ground turkey combined with wholesome brown rice and sweet green peas.,23 mins,dinner,"Step 1: Prep and clean all raw items. Step 2: Combine your base elements (Ground turkey, Brown rice (uncooked)). Step 3: Cook or assemble for 23 minutes. Step 4: Finish with remaining toppings and serve immediately.",159,6g,17g,4g,(Ground turkey; 15; grams; 21 kcal) | (Brown rice (uncooked); 15; grams; 54 kcal) | (Green peas; 30; grams; 24 kcal) | (Yellow onion; 150; grams; 60 kcal)
Tomato and Mozzarella Caprese (Style #19),Fresh sliced tomatoes paired with soft mozzarella cheese and a drizzle of balsamic vinegar.,9 mins,snack,"Step 1: Prep and clean all raw items. Step 2: Combine your base elements (Tomato, Mozzarella cheese). Step 3: Cook or assemble for 9 minutes. Step 4: Finish with remaining toppings and serve immediately.",210,12g,27g,8g,(Tomato; 50; grams; 9 kcal) | (Mozzarella cheese; 15; grams; 42 kcal) | (Balsamic vinegar; 30; grams; 26 kcal) | (Olive oil; 15; grams; 133 kcal)
Sweet Marshmallow Delights (Style #20),Gooey melted marshmallows blended into crispy puffed rice alternatives or simple treats.,13 mins,dessert,"Step 1: Prep and clean all raw items. Step 2: Combine your base elements (Marshmallows, Butter). Step 3: Cook or assemble for 13 minutes. Step 4: Finish with remaining toppings and serve immediately.",835,40g,95g,19g,(Marshmallows; 150; grams; 477 kcal) | (Butter; 50; grams; 358 kcal)
Fluffy Protein Pancakes (Style #21),"Deliciously light homemade pancakes elevated with milk, egg, and a touch of sweetness.",10 mins,breakfast,"Step 1: Prep and clean all raw items. Step 2: Combine your base elements (All-purpose flour, Whole milk). Step 3: Cook or assemble for 10 minutes. Step 4: Finish with remaining toppings and serve immediately.",1186,87g,128g,28g,(All-purpose flour; 30; grams; 109 kcal) | (Whole milk; 50; grams; 30 kcal) | (Large egg; 150; grams; 214 kcal) | (Sugar (granulated); 30; grams; 116 kcal) | (Butter; 100; grams; 717 kcal)
Tomato Zucchini Pasta (Style #22),Al dente spaghetti tossed with freshly sauteed garden zucchini and rich tomato paste.,15 mins,lunch,"Step 1: Prep and clean all raw items. Step 2: Combine your base elements (Spaghetti (dry), Zucchini). Step 3: Cook or assemble for 15 minutes. Step 4: Finish with remaining toppings and serve immediately.",1549,97g,198g,36g,(Spaghetti (dry); 150; grams; 556 kcal) | (Zucchini; 30; grams; 5 kcal) | (Tomato paste; 100; grams; 82 kcal) | (Olive oil; 100; grams; 884 kcal) | (Garlic; 15; grams; 22 kcal)
Hearty Ground Beef Skillet (Style #23),A comfort-food favorite featuring ground beef cooked down with onions and tomato paste.,18 mins,dinner,"Step 1: Prep and clean all raw items. Step 2: Combine your base elements (Ground beef (80/20, raw), Yellow onion). Step 3: Cook or assemble for 18 minutes. Step 4: Finish with remaining toppings and serve immediately.",1394,89g,166g,51g,"(Ground beef (80/20, raw); 15; grams; 15 kcal) | (Yellow onion; 15; grams; 6 kcal) | (Tomato paste; 30; grams; 25 kcal) | (Garlic; 15; grams; 22 kcal) | (Olive oil; 150; grams; 1326 kcal)"
Yogurt Berry Crunch (Style #24),Smooth Greek yogurt topped with fresh blueberries and crunchy chia seeds.,6 mins,snack,"Step 1: Prep and clean all raw items. Step 2: Combine your base elements (Greek yogurt (plain, non-fat), Blueberries). Step 3: Cook or assemble for 6 minutes. Step 4: Finish with remaining toppings and serve immediately.",190,9g,22g,5g,"(Greek yogurt (plain, non-fat); 100; grams; 100 kcal) | (Blueberries; 30; grams; 17 kcal) | (Chia seeds; 15; grams; 73 kcal)"
Avocado Chocolate Mousse (Style #25),A surprisingly rich and creamy healthy mousse combining ripe avocado with sweet cocoa powder.,14 mins,dessert,"Step 1: Prep and clean all raw items. Step 2: Combine your base elements (Avocado, Cocoa powder). Step 3: Cook or assemble for 14 minutes. Step 4: Finish with remaining toppings and serve immediately.",600,41g,67g,17g,(Avocado; 100; grams; 160 kcal) | (Cocoa powder; 150; grams; 342 kcal) | (Maple syrup; 30; grams; 78 kcal) | (Almond milk (unsweetened); 150; grams; 20 kcal)
Fluffy Protein Pancakes (Style #26),"Deliciously light homemade pancakes elevated with milk, egg, and a touch of sweetness.",14 mins,breakfast,"Step 1: Prep and clean all raw items. Step 2: Combine your base elements (All-purpose flour, Whole milk). Step 3: Cook or assemble for 14 minutes. Step 4: Finish with remaining toppings and serve immediately.",1395,98g,178g,47g,(All-purpose flour; 30; grams; 109 kcal) | (Whole milk; 15; grams; 9 kcal) | (Large egg; 100; grams; 143 kcal) | (Sugar (granulated); 15; grams; 58 kcal) | (Butter; 150; grams; 1076 kcal)
Black Bean and Corn Bowl (Style #27),"A hearty vegetarian fiber bowl featuring black beans, sweet corn, and a bright lime dressing.",17 mins,lunch,"Step 1: Prep and clean all raw items. Step 2: Combine your base elements (Black beans (canned), Corn (kernels)). Step 3: Cook or assemble for 17 minutes. Step 4: Finish with remaining toppings and serve immediately.",528,21g,67g,13g,(Black beans (canned); 50; grams; 46 kcal) | (Corn (kernels); 30; grams; 26 kcal) | (Bell pepper (green); 50; grams; 10 kcal) | (Olive oil; 50; grams; 442 kcal) | (Lime; 15; grams; 4 kcal)
Hearty Ground Beef Skillet (Style #28),A comfort-food favorite featuring ground beef cooked down with onions and tomato paste.,20 mins,dinner,"Step 1: Prep and clean all raw items. Step 2: Combine your base elements (Ground beef (80/20, raw), Yellow onion). Step 3: Cook or assemble for 20 minutes. Step 4: Finish with remaining toppings and serve immediately.",1526,101g,197g,34g,"(Ground beef (80/20, raw); 15; grams; 15 kcal) | (Yellow onion; 100; grams; 40 kcal) | (Tomato paste; 150; grams; 123 kcal) | (Garlic; 15; grams; 22 kcal) | (Olive oil; 150; grams; 1326 kcal)"
Mixed Nuts Energy Mix (Style #29),"A crunchy, nutrient-dense handful of whole almonds, walnuts, and toasted cashews.",5 mins,snack,"Step 1: Prep and clean all raw items. Step 2: Combine your base elements (Almonds, Walnuts). Step 3: Cook or assemble for 5 minutes. Step 4: Finish with remaining toppings and serve immediately.",1051,52g,116g,38g,(Almonds; 100; grams; 579 kcal) | (Walnuts; 30; grams; 196 kcal) | (Cashews; 50; grams; 276 kcal)
Fudgy Cocoa Brownies (Style #30),"Rich, dense, and intensely chocolatey brownies made using dark cocoa powder.",24 mins,dessert,"Step 1: Prep and clean all raw items. Step 2: Combine your base elements (Cocoa powder, Sugar (granulated)). Step 3: Cook or assemble for 24 minutes. Step 4: Finish with remaining toppings and serve immediately.",650,40g,73g,16g,(Cocoa powder; 50; grams; 114 kcal) | (Sugar (granulated); 50; grams; 194 kcal) | (Butter; 30; grams; 215 kcal) | (All-purpose flour; 15; grams; 55 kcal) | (Large egg; 50; grams; 72 kcal)
Greek Yogurt Parfait (Style #31),"Thick Greek yogurt layered with raw oats, sweet berries, and a drizzle of organic honey.",7 mins,breakfast,"Step 1: Prep and clean all raw items. Step 2: Combine your base elements (Greek yogurt (plain, non-fat), Rolled oats). Step 3: Cook or assemble for 7 minutes. Step 4: Finish with remaining toppings and serve immediately.",961,56g,131g,25g,"(Greek yogurt (plain, non-fat); 15; grams; 15 kcal) | (Rolled oats; 100; grams; 379 kcal) | (Blueberries; 150; grams; 85 kcal) | (Raspberries; 50; grams; 26 kcal) | (Honey; 150; grams; 456 kcal)"
Turkey Club Salad (Style #32),Lean deli turkey strips served over crunchy iceberg lettuce with bacon and tomatoes.,10 mins,lunch,"Step 1: Prep and clean all raw items. Step 2: Combine your base elements (Turkey breast (raw), Bacon (raw)). Step 3: Cook or assemble for 10 minutes. Step 4: Finish with remaining toppings and serve immediately.",1299,60g,130g,50g,(Turkey breast (raw); 150; grams; 171 kcal) | (Bacon (raw); 100; grams; 417 kcal) | (Lettuce (iceberg); 30; grams; 4 kcal) | (Tomato; 150; grams; 27 kcal) | (Mayonnaise; 100; grams; 680 kcal)
Turkey Rice Casserole (Style #33),Savory ground turkey combined with wholesome brown rice and sweet green peas.,30 mins,dinner,"Step 1: Prep and clean all raw items. Step 2: Combine your base elements (Ground turkey, Brown rice (uncooked)). Step 3: Cook or assemble for 30 minutes. Step 4: Finish with remaining toppings and serve immediately.",464,33g,54g,17g,(Ground turkey; 100; grams; 143 kcal) | (Brown rice (uncooked); 50; grams; 180 kcal) | (Green peas; 100; grams; 81 kcal) | (Yellow onion; 150; grams; 60 kcal)
Tomato and Mozzarella Caprese (Style #34),Fresh sliced tomatoes paired with soft mozzarella cheese and a drizzle of balsamic vinegar.,5 mins,snack,"Step 1: Prep and clean all raw items. Step 2: Combine your base elements (Tomato, Mozzarella cheese). Step 3: Cook or assemble for 5 minutes. Step 4: Finish with remaining toppings and serve immediately.",1399,66g,147g,44g,(Tomato; 100; grams; 18 kcal) | (Mozzarella cheese; 15; grams; 42 kcal) | (Balsamic vinegar; 15; grams; 13 kcal) | (Olive oil; 150; grams; 1326 kcal)
Baked Peaches with Honey (Style #35),"Soft, caramelized halved peaches baked with sweet honey and a touch of warm butter.",25 mins,dessert,"Step 1: Prep and clean all raw items. Step 2: Combine your base elements (Peach, Honey). Step 3: Cook or assemble for 25 minutes. Step 4: Finish with remaining toppings and serve immediately.",326,18g,37g,11g,(Peach; 50; grams; 20 kcal) | (Honey; 30; grams; 91 kcal) | (Butter; 30; grams; 215 kcal)
Sweet Potato Hash (Style #36),"A nutritious, comforting morning skillet filled with cubed sweet potatoes and onions.",17 mins,breakfast,"Step 1: Prep and clean all raw items. Step 2: Combine your base elements (Sweet potato, Yellow onion). Step 3: Cook or assemble for 17 minutes. Step 4: Finish with remaining toppings and serve immediately.",1364,53g,160g,44g,(Sweet potato; 15; grams; 13 kcal) | (Yellow onion; 50; grams; 20 kcal) | (Olive oil; 150; grams; 1326 kcal) | (Bell pepper (red); 15; grams; 5 kcal)
Egg Salad Salad (Style #37),Rich chopped hard-boiled eggs mashed with mayonnaise and served over fresh salad greens.,8 mins,lunch,"Step 1: Prep and clean all raw items. Step 2: Combine your base elements (Large egg, Mayonnaise). Step 3: Cook or assemble for 8 minutes. Step 4: Finish with remaining toppings and serve immediately.",1284,59g,130g,41g,(Large egg; 150; grams; 214 kcal) | (Mayonnaise; 150; grams; 1020 kcal) | (Lettuce (romaine); 30; grams; 30 kcal) | (Yellow onion; 50; grams; 20 kcal)
Beef and Broccoli Stir-Fry (Style #38),Tender strips of lean beef stir-fried with crisp broccoli florets in a savory soy sauce.,24 mins,dinner,"Step 1: Prep and clean all raw items. Step 2: Combine your base elements (Sirloin steak (raw), Broccoli). Step 3: Cook or assemble for 24 minutes. Step 4: Finish with remaining toppings and serve immediately.",560,25g,57g,19g,(Sirloin steak (raw); 50; grams; 71 kcal) | (Broccoli; 150; grams; 51 kcal) | (Soy sauce; 100; grams; 53 kcal) | (Ginger root; 150; grams; 120 kcal) | (Sesame oil; 30; grams; 265 kcal)
Mixed Nuts Energy Mix (Style #39),"A crunchy, nutrient-dense handful of whole almonds, walnuts, and toasted cashews.",5 mins,snack,"Step 1: Prep and clean all raw items. Step 2: Combine your base elements (Almonds, Walnuts). Step 3: Cook or assemble for 5 minutes. Step 4: Finish with remaining toppings and serve immediately.",497,20g,60g,14g,(Almonds; 15; grams; 87 kcal) | (Walnuts; 50; grams; 327 kcal) | (Cashews; 15; grams; 83 kcal)
Baked Peaches with Honey (Style #40),"Soft, caramelized halved peaches baked with sweet honey and a touch of warm butter.",18 mins,dessert,"Step 1: Prep and clean all raw items. Step 2: Combine your base elements (Peach, Honey). Step 3: Cook or assemble for 18 minutes. Step 4: Finish with remaining toppings and serve immediately.",273,12g,36g,8g,(Peach; 30; grams; 12 kcal) | (Honey; 15; grams; 46 kcal) | (Butter; 30; grams; 215 kcal)
Greek Yogurt Parfait (Style #41),"Thick Greek yogurt layered with raw oats, sweet berries, and a drizzle of organic honey.",5 mins,breakfast,"Step 1: Prep and clean all raw items. Step 2: Combine your base elements (Greek yogurt (plain, non-fat), Rolled oats). Step 3: Cook or assemble for 5 minutes. Step 4: Finish with remaining toppings and serve immediately.",589,37g,60g,18g,"(Greek yogurt (plain, non-fat); 15; grams; 15 kcal) | (Rolled oats; 15; grams; 57 kcal) | (Blueberries; 15; grams; 9 kcal) | (Raspberries; 100; grams; 52 kcal) | (Honey; 150; grams; 456 kcal)"
Classic BLT (Style #42),Crispy smoked bacon slices layered with fresh tomatoes and crisp iceberg lettuce.,10 mins,lunch,"Step 1: Prep and clean all raw items. Step 2: Combine your base elements (Bacon (raw), Tomato). Step 3: Cook or assemble for 10 minutes. Step 4: Finish with remaining toppings and serve immediately.",819,50g,108g,21g,(Bacon (raw); 100; grams; 417 kcal) | (Tomato; 50; grams; 9 kcal) | (Lettuce (iceberg); 50; grams; 7 kcal) | (Mayonnaise; 30; grams; 204 kcal) | (All-purpose flour; 50; grams; 182 kcal)
Chicken Alfredo Pasta (Style #43),Tender grilled chicken tossed with fettuccine or egg noodles in a rich heavy cream sauce.,23 mins,dinner,"Step 1: Prep and clean all raw items. Step 2: Combine your base elements (Chicken breast (raw), Egg noodles (dry)). Step 3: Cook or assemble for 23 minutes. Step 4: Finish with remaining toppings and serve immediately.",1257,92g,145g,34g,(Chicken breast (raw); 50; grams; 60 kcal) | (Egg noodles (dry); 30; grams; 114 kcal) | (Heavy cream; 150; grams; 510 kcal) | (Parmesan cheese (grated); 50; grams; 215 kcal) | (Butter; 50; grams; 358 kcal)
Chia Seed Pudding (Style #44),Nutritious chia seeds soaked overnight in rich coconut milk and sweetened with maple syrup.,14 mins,snack,"Step 1: Prep and clean all raw items. Step 2: Combine your base elements (Chia seeds, Coconut milk (canned)). Step 3: Cook or assemble for 14 minutes. Step 4: Finish with remaining toppings and serve immediately.",669,45g,75g,20g,(Chia seeds; 50; grams; 243 kcal) | (Coconut milk (canned); 150; grams; 296 kcal) | (Maple syrup; 50; grams; 130 kcal)
Sweet Maple Pumpkin Puree (Style #45),"A comforting, warm dessert bowl of smooth pumpkin sweetened elegantly with maple syrup.",5 mins,dessert,"Step 1: Prep and clean all raw items. Step 2: Combine your base elements (Pumpkin (puree), Maple syrup). Step 3: Cook or assemble for 5 minutes. Step 4: Finish with remaining toppings and serve immediately.",451,33g,57g,12g,(Pumpkin (puree); 30; grams; 10 kcal) | (Maple syrup; 150; grams; 390 kcal) | (Heavy cream; 15; grams; 51 kcal)
Greek Yogurt Parfait (Style #46),"Thick Greek yogurt layered with raw oats, sweet berries, and a drizzle of organic honey.",5 mins,breakfast,"Step 1: Prep and clean all raw items. Step 2: Combine your base elements (Greek yogurt (plain, non-fat), Rolled oats). Step 3: Cook or assemble for 5 minutes. Step 4: Finish with remaining toppings and serve immediately.",254,18g,33g,8g,"(Greek yogurt (plain, non-fat); 50; grams; 50 kcal) | (Rolled oats; 30; grams; 114 kcal) | (Blueberries; 50; grams; 28 kcal) | (Raspberries; 30; grams; 16 kcal) | (Honey; 15; grams; 46 kcal)"
Tomato Zucchini Pasta (Style #47),Al dente spaghetti tossed with freshly sauteed garden zucchini and rich tomato paste.,15 mins,lunch,"Step 1: Prep and clean all raw items. Step 2: Combine your base elements (Spaghetti (dry), Zucchini). Step 3: Cook or assemble for 15 minutes. Step 4: Finish with remaining toppings and serve immediately.",873,55g,90g,32g,(Spaghetti (dry); 100; grams; 371 kcal) | (Zucchini; 150; grams; 26 kcal) | (Tomato paste; 15; grams; 12 kcal) | (Olive oil; 50; grams; 442 kcal) | (Garlic; 15; grams; 22 kcal)
Baked Cod with Asparagus (Style #48),Light and flaky wild cod fillet baked beautifully alongside tender asparagus spears.,16 mins,dinner,"Step 1: Prep and clean all raw items. Step 2: Combine your base elements (Cod fillet (raw), Asparagus). Step 3: Cook or assemble for 16 minutes. Step 4: Finish with remaining toppings and serve immediately.",478,34g,63g,13g,(Cod fillet (raw); 15; grams; 12 kcal) | (Asparagus; 50; grams; 10 kcal) | (Olive oil; 50; grams; 442 kcal) | (Lemon; 50; grams; 14 kcal)
Yogurt Berry Crunch (Style #49),Smooth Greek yogurt topped with fresh blueberries and crunchy chia seeds.,5 mins,snack,"Step 1: Prep and clean all raw items. Step 2: Combine your base elements (Greek yogurt (plain, non-fat), Blueberries). Step 3: Cook or assemble for 5 minutes. Step 4: Finish with remaining toppings and serve immediately.",410,27g,48g,10g,"(Greek yogurt (plain, non-fat); 150; grams; 150 kcal) | (Blueberries; 30; grams; 17 kcal) | (Chia seeds; 50; grams; 243 kcal)"
Baked Peaches with Honey (Style #50),"Soft, caramelized halved peaches baked with sweet honey and a touch of warm butter.",20 mins,dessert,"Step 1: Prep and clean all raw items. Step 2: Combine your base elements (Peach, Honey). Step 3: Cook or assemble for 20 minutes. Step 4: Finish with remaining toppings and serve immediately.",1173,82g,119g,42g,(Peach; 15; grams; 6 kcal) | (Honey; 30; grams; 91 kcal) | (Butter; 150; grams; 1076 kcal)
Berry Oatmeal (Style #51),"A classic, heart-healthy rolled oats breakfast topped with sweet fresh berries.",5 mins,breakfast,"Step 1: Prep and clean all raw items. Step 2: Combine your base elements (Rolled oats, Whole milk). Step 3: Cook or assemble for 5 minutes. Step 4: Finish with remaining toppings and serve immediately.",606,36g,65g,16g,(Rolled oats; 100; grams; 379 kcal) | (Whole milk; 30; grams; 18 kcal) | (Blueberries; 15; grams; 9 kcal) | (Strawberries; 150; grams; 48 kcal) | (Honey; 50; grams; 152 kcal)
Chicken Rice Bowl (Style #52),Lean grilled chicken breast served over fluffy white rice with a side of steamed broccoli.,23 mins,lunch,"Step 1: Prep and clean all raw items. Step 2: Combine your base elements (Chicken breast (raw), White rice (uncooked)). Step 3: Cook or assemble for 23 minutes. Step 4: Finish with remaining toppings and serve immediately.",424,19g,47g,15g,(Chicken breast (raw); 15; grams; 18 kcal) | (White rice (uncooked); 30; grams; 108 kcal) | (Broccoli; 50; grams; 17 kcal) | (Soy sauce; 30; grams; 16 kcal) | (Sesame oil; 30; grams; 265 kcal)
Garlic Butter Salmon (Style #53),Flaky pan-seared salmon fillet basted with a decadent garlic and herb butter sauce.,17 mins,dinner,"Step 1: Prep and clean all raw items. Step 2: Combine your base elements (Salmon fillet (raw), Butter). Step 3: Cook or assemble for 17 minutes. Step 4: Finish with remaining toppings and serve immediately.",1178,67g,123g,39g,(Salmon fillet (raw); 50; grams; 71 kcal) | (Butter; 150; grams; 1076 kcal) | (Garlic; 15; grams; 22 kcal) | (Lemon; 30; grams; 9 kcal)
Chia Seed Pudding (Style #54),Nutritious chia seeds soaked overnight in rich coconut milk and sweetened with maple syrup.,13 mins,snack,"Step 1: Prep and clean all raw items. Step 2: Combine your base elements (Chia seeds, Coconut milk (canned)). Step 3: Cook or assemble for 13 minutes. Step 4: Finish with remaining toppings and serve immediately.",249,10g,32g,8g,(Chia seeds; 15; grams; 73 kcal) | (Coconut milk (canned); 50; grams; 98 kcal) | (Maple syrup; 30; grams; 78 kcal)
Classic Chocolate Chip Cookies (Style #55),"Warm, chewy homemade cookies packed generously with sweet semi-sweet chocolate chips.",19 mins,dessert,"Step 1: Prep and clean all raw items. Step 2: Combine your base elements (All-purpose flour, Butter). Step 3: Cook or assemble for 19 minutes. Step 4: Finish with remaining toppings and serve immediately.",1110,55g,134g,29g,(All-purpose flour; 100; grams; 364 kcal) | (Butter; 30; grams; 215 kcal) | (Sugar (granulated); 15; grams; 58 kcal) | (Brown sugar; 100; grams; 380 kcal) | (Chocolate chips (semi-sweet); 15; grams; 72 kcal) | (Large egg; 15; grams; 21 kcal)
High-Protein Scramble (Style #56),Fluffy scrambled egg whites and a whole egg paired with nutritious fresh spinach.,8 mins,breakfast,"Step 1: Prep and clean all raw items. Step 2: Combine your base elements (Large egg, Egg whites). Step 3: Cook or assemble for 8 minutes. Step 4: Finish with remaining toppings and serve immediately.",517,29g,52g,13g,(Large egg; 150; grams; 214 kcal) | (Egg whites; 30; grams; 16 kcal) | (Spinach (raw); 50; grams; 12 kcal) | (Butter; 30; grams; 215 kcal) | (Cheddar cheese; 15; grams; 60 kcal)
Turkey Club Salad (Style #57),Lean deli turkey strips served over crunchy iceberg lettuce with bacon and tomatoes.,15 mins,lunch,"Step 1: Prep and clean all raw items. Step 2: Combine your base elements (Turkey breast (raw), Bacon (raw)). Step 3: Cook or assemble for 15 minutes. Step 4: Finish with remaining toppings and serve immediately.",292,20g,34g,11g,(Turkey breast (raw); 30; grams; 34 kcal) | (Bacon (raw); 30; grams; 125 kcal) | (Lettuce (iceberg); 30; grams; 4 kcal) | (Tomato; 150; grams; 27 kcal) | (Mayonnaise; 15; grams; 102 kcal)
Vegetarian Tofu Stir-Fry (Style #58),Crispy cubes of firm tofu pan-seared with fresh bell peppers and savory soy sauce.,19 mins,dinner,"Step 1: Prep and clean all raw items. Step 2: Combine your base elements (Tofu (firm), Bell pepper (red)). Step 3: Cook or assemble for 19 minutes. Step 4: Finish with remaining toppings and serve immediately.",1483,105g,189g,49g,(Tofu (firm); 30; grams; 21 kcal) | (Bell pepper (red); 150; grams; 46 kcal) | (Bell pepper (green); 50; grams; 10 kcal) | (Soy sauce; 150; grams; 80 kcal) | (Vegetable oil; 150; grams; 1326 kcal)
Tomato and Mozzarella Caprese (Style #59),Fresh sliced tomatoes paired with soft mozzarella cheese and a drizzle of balsamic vinegar.,5 mins,snack,"Step 1: Prep and clean all raw items. Step 2: Combine your base elements (Tomato, Mozzarella cheese). Step 3: Cook or assemble for 5 minutes. Step 4: Finish with remaining toppings and serve immediately.",445,20g,51g,17g,(Tomato; 150; grams; 27 kcal) | (Mozzarella cheese; 50; grams; 140 kcal) | (Balsamic vinegar; 15; grams; 13 kcal) | (Olive oil; 30; grams; 265 kcal)
Fudgy Cocoa Brownies (Style #60),"Rich, dense, and intensely chocolatey brownies made using dark cocoa powder.",22 mins,dessert,"Step 1: Prep and clean all raw items. Step 2: Combine your base elements (Cocoa powder, Sugar (granulated)). Step 3: Cook or assemble for 22 minutes. Step 4: Finish with remaining toppings and serve immediately.",1513,67g,161g,42g,(Cocoa powder; 100; grams; 228 kcal) | (Sugar (granulated); 100; grams; 387 kcal) | (Butter; 100; grams; 717 kcal) | (All-purpose flour; 30; grams; 109 kcal) | (Large egg; 50; grams; 72 kcal)
High-Protein Scramble (Style #61),Fluffy scrambled egg whites and a whole egg paired with nutritious fresh spinach.,5 mins,breakfast,"Step 1: Prep and clean all raw items. Step 2: Combine your base elements (Large egg, Egg whites). Step 3: Cook or assemble for 5 minutes. Step 4: Finish with remaining toppings and serve immediately.",398,23g,41g,14g,(Large egg; 30; grams; 43 kcal) | (Egg whites; 30; grams; 16 kcal) | (Spinach (raw); 15; grams; 3 kcal) | (Butter; 30; grams; 215 kcal) | (Cheddar cheese; 30; grams; 121 kcal)
Tuna Melt Wrap (Style #62),Flaky canned tuna mixed with creamy mayonnaise and wrapped with a warm blanket of cheddar.,13 mins,lunch,"Step 1: Prep and clean all raw items. Step 2: Combine your base elements (Tuna (canned in water), Mayonnaise). Step 3: Cook or assemble for 13 minutes. Step 4: Finish with remaining toppings and serve immediately.",306,17g,31g,9g,(Tuna (canned in water); 30; grams; 35 kcal) | (Mayonnaise; 15; grams; 102 kcal) | (Cheddar cheese; 15; grams; 60 kcal) | (All-purpose flour; 30; grams; 109 kcal)
Garlic Butter Salmon (Style #63),Flaky pan-seared salmon fillet basted with a decadent garlic and herb butter sauce.,19 mins,dinner,"Step 1: Prep and clean all raw items. Step 2: Combine your base elements (Salmon fillet (raw), Butter). Step 3: Cook or assemble for 19 minutes. Step 4: Finish with remaining toppings and serve immediately.",1301,89g,152g,39g,(Salmon fillet (raw); 100; grams; 142 kcal) | (Butter; 150; grams; 1076 kcal) | (Garlic; 50; grams; 74 kcal) | (Lemon; 30; grams; 9 kcal)
Cottage Cheese with Berries (Style #64),High-protein cottage cheese topped with fresh raspberries and a light honey drizzle.,5 mins,snack,"Step 1: Prep and clean all raw items. Step 2: Combine your base elements (Cottage cheese, Raspberries). Step 3: Cook or assemble for 5 minutes. Step 4: Finish with remaining toppings and serve immediately.",77,3g,9g,2g,(Cottage cheese; 15; grams; 15 kcal) | (Raspberries; 30; grams; 16 kcal) | (Honey; 15; grams; 46 kcal)
Creamy Rice Pudding (Style #65),"Soft white rice simmered patiently in milk, sugar, and rich vanilla extract until thick.",32 mins,dessert,"Step 1: Prep and clean all raw items. Step 2: Combine your base elements (White rice (uncooked), Whole milk). Step 3: Cook or assemble for 32 minutes. Step 4: Finish with remaining toppings and serve immediately.",1014,70g,130g,35g,(White rice (uncooked); 15; grams; 54 kcal) | (Whole milk; 150; grams; 92 kcal) | (Sugar (granulated); 150; grams; 580 kcal) | (Vanilla extract; 100; grams; 288 kcal)
Classic French Toast (Style #66),"Golden pan-fried bread dipped in a rich, sweetened egg and dairy custard mixture.",15 mins,breakfast,"Step 1: Prep and clean all raw items. Step 2: Combine your base elements (All-purpose flour, Whole milk). Step 3: Cook or assemble for 15 minutes. Step 4: Finish with remaining toppings and serve immediately.",1216,62g,154g,30g,(All-purpose flour; 100; grams; 364 kcal) | (Whole milk; 150; grams; 92 kcal) | (Large egg; 50; grams; 72 kcal) | (Sugar (granulated); 150; grams; 580 kcal) | (Butter; 15; grams; 108 kcal)
Chicken Rice Bowl (Style #67),Lean grilled chicken breast served over fluffy white rice with a side of steamed broccoli.,20 mins,lunch,"Step 1: Prep and clean all raw items. Step 2: Combine your base elements (Chicken breast (raw), White rice (uncooked)). Step 3: Cook or assemble for 20 minutes. Step 4: Finish with remaining toppings and serve immediately.",1539,79g,160g,43g,(Chicken breast (raw); 15; grams; 18 kcal) | (White rice (uncooked); 30; grams; 108 kcal) | (Broccoli; 100; grams; 34 kcal) | (Soy sauce; 100; grams; 53 kcal) | (Sesame oil; 150; grams; 1326 kcal)
Baked Cod with Asparagus (Style #68),Light and flaky wild cod fillet baked beautifully alongside tender asparagus spears.,23 mins,dinner,"Step 1: Prep and clean all raw items. Step 2: Combine your base elements (Cod fillet (raw), Asparagus). Step 3: Cook or assemble for 23 minutes. Step 4: Finish with remaining toppings and serve immediately.",232,14g,30g,7g,(Cod fillet (raw); 30; grams; 25 kcal) | (Asparagus; 150; grams; 30 kcal) | (Olive oil; 15; grams; 133 kcal) | (Lemon; 150; grams; 44 kcal)
Mixed Nuts Energy Mix (Style #69),"A crunchy, nutrient-dense handful of whole almonds, walnuts, and toasted cashews.",5 mins,snack,"Step 1: Prep and clean all raw items. Step 2: Combine your base elements (Almonds, Walnuts). Step 3: Cook or assemble for 5 minutes. Step 4: Finish with remaining toppings and serve immediately.",907,65g,93g,29g,(Almonds; 15; grams; 87 kcal) | (Walnuts; 100; grams; 654 kcal) | (Cashews; 30; grams; 166 kcal)
Baked Peaches with Honey (Style #70),"Soft, caramelized halved peaches baked with sweet honey and a touch of warm butter.",20 mins,dessert,"Step 1: Prep and clean all raw items. Step 2: Combine your base elements (Peach, Honey). Step 3: Cook or assemble for 20 minutes. Step 4: Finish with remaining toppings and serve immediately.",783,31g,91g,27g,(Peach; 50; grams; 20 kcal) | (Honey; 15; grams; 46 kcal) | (Butter; 100; grams; 717 kcal)
Sweet Potato Hash (Style #71),"A nutritious, comforting morning skillet filled with cubed sweet potatoes and onions.",19 mins,breakfast,"Step 1: Prep and clean all raw items. Step 2: Combine your base elements (Sweet potato, Yellow onion). Step 3: Cook or assemble for 19 minutes. Step 4: Finish with remaining toppings and serve immediately.",414,22g,48g,15g,(Sweet potato; 50; grams; 43 kcal) | (Yellow onion; 150; grams; 60 kcal) | (Olive oil; 30; grams; 265 kcal) | (Bell pepper (red); 150; grams; 46 kcal)
Chicken Avocado Salad (Style #72),Crisp romaine lettuce tossed with tender grilled chicken breast and rich avocado chunks.,7 mins,lunch,"Step 1: Prep and clean all raw items. Step 2: Combine your base elements (Chicken breast (raw), Avocado). Step 3: Cook or assemble for 7 minutes. Step 4: Finish with remaining toppings and serve immediately.",1353,84g,174g,39g,(Chicken breast (raw); 150; grams; 180 kcal) | (Avocado; 100; grams; 160 kcal) | (Lettuce (romaine); 100; grams; 100 kcal) | (Olive oil; 100; grams; 884 kcal) | (Lemon; 100; grams; 29 kcal)
Vegetarian Tofu Stir-Fry (Style #73),Crispy cubes of firm tofu pan-seared with fresh bell peppers and savory soy sauce.,21 mins,dinner,"Step 1: Prep and clean all raw items. Step 2: Combine your base elements (Tofu (firm), Bell pepper (red)). Step 3: Cook or assemble for 21 minutes. Step 4: Finish with remaining toppings and serve immediately.",294,18g,34g,10g,(Tofu (firm); 100; grams; 70 kcal) | (Bell pepper (red); 15; grams; 5 kcal) | (Bell pepper (green); 30; grams; 6 kcal) | (Soy sauce; 150; grams; 80 kcal) | (Vegetable oil; 15; grams; 133 kcal)
Celery and Peanut Butter (Style #74),"Crispy, refreshing celery stalks filled with rich, savory peanut butter.",5 mins,snack,"Step 1: Prep and clean all raw items. Step 2: Combine your base elements (Celery, Peanut butter). Step 3: Cook or assemble for 5 minutes. Step 4: Finish with remaining toppings and serve immediately.",184,11g,21g,6g,(Celery; 50; grams; 8 kcal) | (Peanut butter; 30; grams; 176 kcal)
Baked Peaches with Honey (Style #75),"Soft, caramelized halved peaches baked with sweet honey and a touch of warm butter.",20 mins,dessert,"Step 1: Prep and clean all raw items. Step 2: Combine your base elements (Peach, Honey). Step 3: Cook or assemble for 20 minutes. Step 4: Finish with remaining toppings and serve immediately.",364,23g,40g,12g,(Peach; 150; grams; 58 kcal) | (Honey; 30; grams; 91 kcal) | (Butter; 30; grams; 215 kcal)
High-Protein Scramble (Style #76),Fluffy scrambled egg whites and a whole egg paired with nutritious fresh spinach.,9 mins,breakfast,"Step 1: Prep and clean all raw items. Step 2: Combine your base elements (Large egg, Egg whites). Step 3: Cook or assemble for 9 minutes. Step 4: Finish with remaining toppings and serve immediately.",446,18g,50g,11g,(Large egg; 150; grams; 214 kcal) | (Egg whites; 100; grams; 52 kcal) | (Spinach (raw); 50; grams; 12 kcal) | (Butter; 15; grams; 108 kcal) | (Cheddar cheese; 15; grams; 60 kcal)
Egg Salad Salad (Style #77),Rich chopped hard-boiled eggs mashed with mayonnaise and served over fresh salad greens.,8 mins,lunch,"Step 1: Prep and clean all raw items. Step 2: Combine your base elements (Large egg, Mayonnaise). Step 3: Cook or assemble for 8 minutes. Step 4: Finish with remaining toppings and serve immediately.",386,24g,48g,9g,(Large egg; 150; grams; 214 kcal) | (Mayonnaise; 15; grams; 102 kcal) | (Lettuce (romaine); 50; grams; 50 kcal) | (Yellow onion; 50; grams; 20 kcal)
Turkey Rice Casserole (Style #78),Savory ground turkey combined with wholesome brown rice and sweet green peas.,23 mins,dinner,"Step 1: Prep and clean all raw items. Step 2: Combine your base elements (Ground turkey, Brown rice (uncooked)). Step 3: Cook or assemble for 23 minutes. Step 4: Finish with remaining toppings and serve immediately.",312,15g,42g,7g,(Ground turkey; 150; grams; 214 kcal) | (Brown rice (uncooked); 15; grams; 54 kcal) | (Green peas; 30; grams; 24 kcal) | (Yellow onion; 50; grams; 20 kcal)
Tomato and Mozzarella Caprese (Style #79),Fresh sliced tomatoes paired with soft mozzarella cheese and a drizzle of balsamic vinegar.,9 mins,snack,"Step 1: Prep and clean all raw items. Step 2: Combine your base elements (Tomato, Mozzarella cheese). Step 3: Cook or assemble for 9 minutes. Step 4: Finish with remaining toppings and serve immediately.",1063,47g,119g,36g,(Tomato; 30; grams; 5 kcal) | (Mozzarella cheese; 15; grams; 42 kcal) | (Balsamic vinegar; 150; grams; 132 kcal) | (Olive oil; 100; grams; 884 kcal)
Sweet Maple Pumpkin Puree (Style #80),"A comforting, warm dessert bowl of smooth pumpkin sweetened elegantly with maple syrup.",5 mins,dessert,"Step 1: Prep and clean all raw items. Step 2: Combine your base elements (Pumpkin (puree), Maple syrup). Step 3: Cook or assemble for 5 minutes. Step 4: Finish with remaining toppings and serve immediately.",266,20g,33g,7g,(Pumpkin (puree); 100; grams; 34 kcal) | (Maple syrup; 50; grams; 130 kcal) | (Heavy cream; 30; grams; 102 kcal)
Avocado Toast (Style #81),Creamy smashed avocado over toasted whole wheat or simple bread alternatives.,6 mins,breakfast,"Step 1: Prep and clean all raw items. Step 2: Combine your base elements (Avocado, All-purpose flour). Step 3: Cook or assemble for 6 minutes. Step 4: Finish with remaining toppings and serve immediately.",295,12g,34g,11g,(Avocado; 30; grams; 48 kcal) | (All-purpose flour; 30; grams; 109 kcal) | (Olive oil; 15; grams; 133 kcal) | (Tomato; 30; grams; 5 kcal)
Chicken Avocado Salad (Style #82),Crisp romaine lettuce tossed with tender grilled chicken breast and rich avocado chunks.,8 mins,lunch,"Step 1: Prep and clean all raw items. Step 2: Combine your base elements (Chicken breast (raw), Avocado). Step 3: Cook or assemble for 8 minutes. Step 4: Finish with remaining toppings and serve immediately.",1006,49g,114g,34g,(Chicken breast (raw); 15; grams; 18 kcal) | (Avocado; 50; grams; 80 kcal) | (Lettuce (romaine); 15; grams; 15 kcal) | (Olive oil; 100; grams; 884 kcal) | (Lemon; 30; grams; 9 kcal)
Ribeye Steak and Potatoes (Style #83),"A premium, juicy ribeye steak seared to perfection and paired with a fluffy baked potato.",34 mins,dinner,"Step 1: Prep and clean all raw items. Step 2: Combine your base elements (Ribeye steak (raw), Russet potato). Step 3: Cook or assemble for 34 minutes. Step 4: Finish with remaining toppings and serve immediately.",348,25g,40g,9g,(Ribeye steak (raw); 30; grams; 87 kcal) | (Russet potato; 30; grams; 24 kcal) | (Butter; 30; grams; 215 kcal) | (Garlic; 15; grams; 22 kcal)
Yogurt Berry Crunch (Style #84),Smooth Greek yogurt topped with fresh blueberries and crunchy chia seeds.,5 mins,snack,"Step 1: Prep and clean all raw items. Step 2: Combine your base elements (Greek yogurt (plain, non-fat), Blueberries). Step 3: Cook or assemble for 5 minutes. Step 4: Finish with remaining toppings and serve immediately.",188,8g,21g,5g,"(Greek yogurt (plain, non-fat); 30; grams; 30 kcal) | (Blueberries; 150; grams; 85 kcal) | (Chia seeds; 15; grams; 73 kcal)"
Crispy Coconut Flakes Truffles (Style #85),Delectable sweet dessert bites featuring rich coconut oil and toasted coconut flakes.,18 mins,dessert,"Step 1: Prep and clean all raw items. Step 2: Combine your base elements (Coconut flakes (unsweetened), Coconut oil). Step 3: Cook or assemble for 18 minutes. Step 4: Finish with remaining toppings and serve immediately.",1751,116g,177g,55g,(Coconut flakes (unsweetened); 30; grams; 198 kcal) | (Coconut oil; 150; grams; 1293 kcal) | (Maple syrup; 100; grams; 260 kcal)
Peanut Butter Banana Oats (Style #86),"Thick, creamy oatmeal swirled with rich peanut butter and sweet sliced banana.",5 mins,breakfast,"Step 1: Prep and clean all raw items. Step 2: Combine your base elements (Rolled oats, Whole milk). Step 3: Cook or assemble for 5 minutes. Step 4: Finish with remaining toppings and serve immediately.",473,27g,61g,17g,(Rolled oats; 50; grams; 190 kcal) | (Whole milk; 30; grams; 18 kcal) | (Peanut butter; 30; grams; 176 kcal) | (Banana; 100; grams; 89 kcal)
Spinach and Feta Salad (Style #87),Crisp spinach greens tossed with tangy crumbles of feta cheese and roasted sunflower seeds.,8 mins,lunch,"Step 1: Prep and clean all raw items. Step 2: Combine your base elements (Spinach (raw), Feta cheese). Step 3: Cook or assemble for 8 minutes. Step 4: Finish with remaining toppings and serve immediately.",1875,110g,200g,65g,(Spinach (raw); 100; grams; 23 kcal) | (Feta cheese; 30; grams; 79 kcal) | (Sunflower seeds (hulled); 150; grams; 876 kcal) | (Olive oil; 100; grams; 884 kcal) | (Balsamic vinegar; 15; grams; 13 kcal)
Beef and Broccoli Stir-Fry (Style #88),Tender strips of lean beef stir-fried with crisp broccoli florets in a savory soy sauce.,25 mins,dinner,"Step 1: Prep and clean all raw items. Step 2: Combine your base elements (Sirloin steak (raw), Broccoli). Step 3: Cook or assemble for 25 minutes. Step 4: Finish with remaining toppings and serve immediately.",971,69g,119g,28g,(Sirloin steak (raw); 15; grams; 21 kcal) | (Broccoli; 100; grams; 34 kcal) | (Soy sauce; 15; grams; 8 kcal) | (Ginger root; 30; grams; 24 kcal) | (Sesame oil; 100; grams; 884 kcal)
Guacamole and Cucumber (Style #89),"Crisp, hydrating cucumber rounds used to scoop up creamy seasoned avocado mash.",9 mins,snack,"Step 1: Prep and clean all raw items. Step 2: Combine your base elements (Avocado, Cucumber). Step 3: Cook or assemble for 9 minutes. Step 4: Finish with remaining toppings and serve immediately.",43,3g,6g,1g,(Avocado; 15; grams; 24 kcal) | (Cucumber; 100; grams; 15 kcal) | (Lime; 15; grams; 4 kcal)
Dark Chocolate Berry Bark (Style #90),Decadent melted 70% dark chocolate topped with naturally sweet freeze-dried raspberries.,10 mins,dessert,"Step 1: Prep and clean all raw items. Step 2: Combine your base elements (Dark chocolate (70%), Raspberries). Step 3: Cook or assemble for 10 minutes. Step 4: Finish with remaining toppings and serve immediately.",116,5g,14g,3g,(Dark chocolate (70%); 15; grams; 90 kcal) | (Raspberries; 50; grams; 26 kcal)
Cheesy Bacon Omelet (Style #91),A classic hearty three-egg omelet loaded with crispy bacon and melted cheddar.,7 mins,breakfast,"Step 1: Prep and clean all raw items. Step 2: Combine your base elements (Large egg, Bacon (raw)). Step 3: Cook or assemble for 7 minutes. Step 4: Finish with remaining toppings and serve immediately.",1589,80g,176g,48g,(Large egg; 100; grams; 143 kcal) | (Bacon (raw); 30; grams; 125 kcal) | (Cheddar cheese; 150; grams; 604 kcal) | (Butter; 100; grams; 717 kcal)
Classic BLT (Style #92),Crispy smoked bacon slices layered with fresh tomatoes and crisp iceberg lettuce.,6 mins,lunch,"Step 1: Prep and clean all raw items. Step 2: Combine your base elements (Bacon (raw), Tomato). Step 3: Cook or assemble for 6 minutes. Step 4: Finish with remaining toppings and serve immediately.",1808,126g,246g,64g,(Bacon (raw); 100; grams; 417 kcal) | (Tomato; 15; grams; 3 kcal) | (Lettuce (iceberg); 30; grams; 4 kcal) | (Mayonnaise; 150; grams; 1020 kcal) | (All-purpose flour; 100; grams; 364 kcal)
Chicken Alfredo Pasta (Style #93),Tender grilled chicken tossed with fettuccine or egg noodles in a rich heavy cream sauce.,24 mins,dinner,"Step 1: Prep and clean all raw items. Step 2: Combine your base elements (Chicken breast (raw), Egg noodles (dry)). Step 3: Cook or assemble for 24 minutes. Step 4: Finish with remaining toppings and serve immediately.",725,52g,88g,22g,(Chicken breast (raw); 15; grams; 18 kcal) | (Egg noodles (dry); 30; grams; 114 kcal) | (Heavy cream; 50; grams; 170 kcal) | (Parmesan cheese (grated); 15; grams; 65 kcal) | (Butter; 50; grams; 358 kcal)
Mixed Nuts Energy Mix (Style #94),"A crunchy, nutrient-dense handful of whole almonds, walnuts, and toasted cashews.",5 mins,snack,"Step 1: Prep and clean all raw items. Step 2: Combine your base elements (Almonds, Walnuts). Step 3: Cook or assemble for 5 minutes. Step 4: Finish with remaining toppings and serve immediately.",967,62g,126g,37g,(Almonds; 15; grams; 87 kcal) | (Walnuts; 50; grams; 327 kcal) | (Cashews; 100; grams; 553 kcal)
Creamy Rice Pudding (Style #95),"Soft white rice simmered patiently in milk, sugar, and rich vanilla extract until thick.",32 mins,dessert,"Step 1: Prep and clean all raw items. Step 2: Combine your base elements (White rice (uncooked), Whole milk). Step 3: Cook or assemble for 32 minutes. Step 4: Finish with remaining toppings and serve immediately.",343,25g,45g,9g,(White rice (uncooked); 15; grams; 54 kcal) | (Whole milk; 15; grams; 9 kcal) | (Sugar (granulated); 50; grams; 194 kcal) | (Vanilla extract; 30; grams; 86 kcal)
Classic French Toast (Style #96),"Golden pan-fried bread dipped in a rich, sweetened egg and dairy custard mixture.",7 mins,breakfast,"Step 1: Prep and clean all raw items. Step 2: Combine your base elements (All-purpose flour, Whole milk). Step 3: Cook or assemble for 7 minutes. Step 4: Finish with remaining toppings and serve immediately.",1929,117g,234g,56g,(All-purpose flour; 100; grams; 364 kcal) | (Whole milk; 50; grams; 30 kcal) | (Large egg; 50; grams; 72 kcal) | (Sugar (granulated); 100; grams; 387 kcal) | (Butter; 150; grams; 1076 kcal)
Chicken Rice Bowl (Style #97),Lean grilled chicken breast served over fluffy white rice with a side of steamed broccoli.,23 mins,lunch,"Step 1: Prep and clean all raw items. Step 2: Combine your base elements (Chicken breast (raw), White rice (uncooked)). Step 3: Cook or assemble for 23 minutes. Step 4: Finish with remaining toppings and serve immediately.",1025,52g,141g,36g,(Chicken breast (raw); 150; grams; 180 kcal) | (White rice (uncooked); 100; grams; 360 kcal) | (Broccoli; 50; grams; 17 kcal) | (Soy sauce; 50; grams; 26 kcal) | (Sesame oil; 50; grams; 442 kcal)
Ribeye Steak and Potatoes (Style #98),"A premium, juicy ribeye steak seared to perfection and paired with a fluffy baked potato.",31 mins,dinner,"Step 1: Prep and clean all raw items. Step 2: Combine your base elements (Ribeye steak (raw), Russet potato). Step 3: Cook or assemble for 31 minutes. Step 4: Finish with remaining toppings and serve immediately.",1675,110g,204g,61g,(Ribeye steak (raw); 150; grams; 436 kcal) | (Russet potato; 150; grams; 118 kcal) | (Butter; 150; grams; 1076 kcal) | (Garlic; 30; grams; 45 kcal)
Cottage Cheese with Berries (Style #99),High-protein cottage cheese topped with fresh raspberries and a light honey drizzle.,5 mins,snack,"Step 1: Prep and clean all raw items. Step 2: Combine your base elements (Cottage cheese, Raspberries). Step 3: Cook or assemble for 5 minutes. Step 4: Finish with remaining toppings and serve immediately.",369,16g,46g,10g,(Cottage cheese; 50; grams; 49 kcal) | (Raspberries; 30; grams; 16 kcal) | (Honey; 100; grams; 304 kcal)
Baked Peaches with Honey (Style #100),"Soft, caramelized halved peaches baked with sweet honey and a touch of warm butter.",22 mins,dessert,"Step 1: Prep and clean all raw items. Step 2: Combine your base elements (Peach, Honey). Step 3: Cook or assemble for 22 minutes. Step 4: Finish with remaining toppings and serve immediately.",1400,96g,168g,38g,(Peach; 50; grams; 20 kcal) | (Honey; 100; grams; 304 kcal) | (Butter; 150; grams; 1076 kcal)
Sweet Potato Hash (Style #101),"A nutritious, comforting morning skillet filled with cubed sweet potatoes and onions.",21 mins,breakfast,"Step 1: Prep and clean all raw items. Step 2: Combine your base elements (Sweet potato, Yellow onion). Step 3: Cook or assemble for 21 minutes. Step 4: Finish with remaining toppings and serve immediately.",295,18g,37g,10g,(Sweet potato; 15; grams; 13 kcal) | (Yellow onion; 30; grams; 12 kcal) | (Olive oil; 30; grams; 265 kcal) | (Bell pepper (red); 15; grams; 5 kcal)
Chicken Rice Bowl (Style #102),Lean grilled chicken breast served over fluffy white rice with a side of steamed broccoli.,21 mins,lunch,"Step 1: Prep and clean all raw items. Step 2: Combine your base elements (Chicken breast (raw), White rice (uncooked)). Step 3: Cook or assemble for 21 minutes. Step 4: Finish with remaining toppings and serve immediately.",1804,94g,202g,70g,(Chicken breast (raw); 50; grams; 60 kcal) | (White rice (uncooked); 100; grams; 360 kcal) | (Broccoli; 15; grams; 5 kcal) | (Soy sauce; 100; grams; 53 kcal) | (Sesame oil; 150; grams; 1326 kcal)
Turkey Rice Casserole (Style #103),Savory ground turkey combined with wholesome brown rice and sweet green peas.,25 mins,dinner,"Step 1: Prep and clean all raw items. Step 2: Combine your base elements (Ground turkey, Brown rice (uncooked)). Step 3: Cook or assemble for 25 minutes. Step 4: Finish with remaining toppings and serve immediately.",366,17g,46g,13g,(Ground turkey; 150; grams; 214 kcal) | (Brown rice (uncooked); 30; grams; 108 kcal) | (Green peas; 30; grams; 24 kcal) | (Yellow onion; 50; grams; 20 kcal)
Cottage Cheese with Berries (Style #104),High-protein cottage cheese topped with fresh raspberries and a light honey drizzle.,5 mins,snack,"Step 1: Prep and clean all raw items. Step 2: Combine your base elements (Cottage cheese, Raspberries). Step 3: Cook or assemble for 5 minutes. Step 4: Finish with remaining toppings and serve immediately.",152,7g,15g,5g,(Cottage cheese; 100; grams; 98 kcal) | (Raspberries; 15; grams; 8 kcal) | (Honey; 15; grams; 46 kcal)
Vanilla Berry Shortcake (Style #105),"Sweet, tender home-baked shortcake biscuits layered with berries and heavy cream.",20 mins,dessert,"Step 1: Prep and clean all raw items. Step 2: Combine your base elements (All-purpose flour, Heavy cream). Step 3: Cook or assemble for 20 minutes. Step 4: Finish with remaining toppings and serve immediately.",1239,60g,151g,48g,(All-purpose flour; 150; grams; 546 kcal) | (Heavy cream; 15; grams; 51 kcal) | (Strawberries; 50; grams; 16 kcal) | (Sugar (granulated); 50; grams; 194 kcal) | (Vanilla extract; 150; grams; 432 kcal)
Peanut Butter Banana Oats (Style #106),"Thick, creamy oatmeal swirled with rich peanut butter and sweet sliced banana.",5 mins,breakfast,"Step 1: Prep and clean all raw items. Step 2: Combine your base elements (Rolled oats, Whole milk). Step 3: Cook or assemble for 5 minutes. Step 4: Finish with remaining toppings and serve immediately.",1029,57g,126g,37g,(Rolled oats; 100; grams; 379 kcal) | (Whole milk; 30; grams; 18 kcal) | (Peanut butter; 100; grams; 588 kcal) | (Banana; 50; grams; 44 kcal)
Quinoa Mediterranean Bowl (Style #107),"A refreshing whole-grain bowl mixed with cucumbers, tomatoes, and zesty feta cheese.",19 mins,lunch,"Step 1: Prep and clean all raw items. Step 2: Combine your base elements (Quinoa (uncooked), Cucumber). Step 3: Cook or assemble for 19 minutes. Step 4: Finish with remaining toppings and serve immediately.",470,19g,53g,18g,(Quinoa (uncooked); 15; grams; 55 kcal) | (Cucumber; 100; grams; 15 kcal) | (Tomato; 15; grams; 3 kcal) | (Feta cheese; 50; grams; 132 kcal) | (Olive oil; 30; grams; 265 kcal)
Vegetarian Tofu Stir-Fry (Style #108),Crispy cubes of firm tofu pan-seared with fresh bell peppers and savory soy sauce.,18 mins,dinner,"Step 1: Prep and clean all raw items. Step 2: Combine your base elements (Tofu (firm), Bell pepper (red)). Step 3: Cook or assemble for 18 minutes. Step 4: Finish with remaining toppings and serve immediately.",619,44g,62g,14g,(Tofu (firm); 150; grams; 105 kcal) | (Bell pepper (red); 50; grams; 16 kcal) | (Bell pepper (green); 15; grams; 3 kcal) | (Soy sauce; 100; grams; 53 kcal) | (Vegetable oil; 50; grams; 442 kcal)
Celery and Peanut Butter (Style #109),"Crispy, refreshing celery stalks filled with rich, savory peanut butter.",7 mins,snack,"Step 1: Prep and clean all raw items. Step 2: Combine your base elements (Celery, Peanut butter). Step 3: Cook or assemble for 7 minutes. Step 4: Finish with remaining toppings and serve immediately.",604,30g,75g,22g,(Celery; 100; grams; 16 kcal) | (Peanut butter; 100; grams; 588 kcal)
Classic Chocolate Chip Cookies (Style #110),"Warm, chewy homemade cookies packed generously with sweet semi-sweet chocolate chips.",20 mins,dessert,"Step 1: Prep and clean all raw items. Step 2: Combine your base elements (All-purpose flour, Butter). Step 3: Cook or assemble for 20 minutes. Step 4: Finish with remaining toppings and serve immediately.",1792,89g,243g,65g,(All-purpose flour; 50; grams; 182 kcal) | (Butter; 150; grams; 1076 kcal) | (Sugar (granulated); 50; grams; 194 kcal) | (Brown sugar; 15; grams; 57 kcal) | (Chocolate chips (semi-sweet); 50; grams; 240 kcal) | (Large egg; 30; grams; 43 kcal)
Avocado Toast (Style #111),Creamy smashed avocado over toasted whole wheat or simple bread alternatives.,5 mins,breakfast,"Step 1: Prep and clean all raw items. Step 2: Combine your base elements (Avocado, All-purpose flour). Step 3: Cook or assemble for 5 minutes. Step 4: Finish with remaining toppings and serve immediately.",263,15g,31g,9g,(Avocado; 30; grams; 48 kcal) | (All-purpose flour; 15; grams; 55 kcal) | (Olive oil; 15; grams; 133 kcal) | (Tomato; 150; grams; 27 kcal)
Chicken Rice Bowl (Style #112),Lean grilled chicken breast served over fluffy white rice with a side of steamed broccoli.,17 mins,lunch,"Step 1: Prep and clean all raw items. Step 2: Combine your base elements (Chicken breast (raw), White rice (uncooked)). Step 3: Cook or assemble for 17 minutes. Step 4: Finish with remaining toppings and serve immediately.",1728,81g,237g,40g,(Chicken breast (raw); 150; grams; 180 kcal) | (White rice (uncooked); 50; grams; 180 kcal) | (Broccoli; 100; grams; 34 kcal) | (Soy sauce; 15; grams; 8 kcal) | (Sesame oil; 150; grams; 1326 kcal)
Turkey Rice Casserole (Style #113),Savory ground turkey combined with wholesome brown rice and sweet green peas.,26 mins,dinner,"Step 1: Prep and clean all raw items. Step 2: Combine your base elements (Ground turkey, Brown rice (uncooked)). Step 3: Cook or assemble for 26 minutes. Step 4: Finish with remaining toppings and serve immediately.",374,27g,40g,12g,(Ground turkey; 150; grams; 214 kcal) | (Brown rice (uncooked); 30; grams; 108 kcal) | (Green peas; 15; grams; 12 kcal) | (Yellow onion; 100; grams; 40 kcal)
Chia Seed Pudding (Style #114),Nutritious chia seeds soaked overnight in rich coconut milk and sweetened with maple syrup.,10 mins,snack,"Step 1: Prep and clean all raw items. Step 2: Combine your base elements (Chia seeds, Coconut milk (canned)). Step 3: Cook or assemble for 10 minutes. Step 4: Finish with remaining toppings and serve immediately.",181,9g,23g,5g,(Chia seeds; 15; grams; 73 kcal) | (Coconut milk (canned); 15; grams; 30 kcal) | (Maple syrup; 30; grams; 78 kcal)
Dark Chocolate Berry Bark (Style #115),Decadent melted 70% dark chocolate topped with naturally sweet freeze-dried raspberries.,13 mins,dessert,"Step 1: Prep and clean all raw items. Step 2: Combine your base elements (Dark chocolate (70%), Raspberries). Step 3: Cook or assemble for 13 minutes. Step 4: Finish with remaining toppings and serve immediately.",949,49g,119g,23g,(Dark chocolate (70%); 150; grams; 897 kcal) | (Raspberries; 100; grams; 52 kcal)
Classic French Toast (Style #116),"Golden pan-fried bread dipped in a rich, sweetened egg and dairy custard mixture.",9 mins,breakfast,"Step 1: Prep and clean all raw items. Step 2: Combine your base elements (All-purpose flour, Whole milk). Step 3: Cook or assemble for 9 minutes. Step 4: Finish with remaining toppings and serve immediately.",1875,106g,228g,45g,(All-purpose flour; 15; grams; 55 kcal) | (Whole milk; 150; grams; 92 kcal) | (Large egg; 50; grams; 72 kcal) | (Sugar (granulated); 150; grams; 580 kcal) | (Butter; 150; grams; 1076 kcal)
Tomato Zucchini Pasta (Style #117),Al dente spaghetti tossed with freshly sauteed garden zucchini and rich tomato paste.,19 mins,lunch,"Step 1: Prep and clean all raw items. Step 2: Combine your base elements (Spaghetti (dry), Zucchini). Step 3: Cook or assemble for 19 minutes. Step 4: Finish with remaining toppings and serve immediately.",1655,80g,181g,62g,(Spaghetti (dry); 15; grams; 56 kcal) | (Zucchini; 50; grams; 8 kcal) | (Tomato paste; 50; grams; 41 kcal) | (Olive oil; 150; grams; 1326 kcal) | (Garlic; 150; grams; 224 kcal)
Chicken Alfredo Pasta (Style #118),Tender grilled chicken tossed with fettuccine or egg noodles in a rich heavy cream sauce.,27 mins,dinner,"Step 1: Prep and clean all raw items. Step 2: Combine your base elements (Chicken breast (raw), Egg noodles (dry)). Step 3: Cook or assemble for 27 minutes. Step 4: Finish with remaining toppings and serve immediately.",1352,92g,157g,40g,(Chicken breast (raw); 50; grams; 60 kcal) | (Egg noodles (dry); 100; grams; 380 kcal) | (Heavy cream; 15; grams; 51 kcal) | (Parmesan cheese (grated); 150; grams; 646 kcal) | (Butter; 30; grams; 215 kcal)
Guacamole and Cucumber (Style #119),"Crisp, hydrating cucumber rounds used to scoop up creamy seasoned avocado mash.",9 mins,snack,"Step 1: Prep and clean all raw items. Step 2: Combine your base elements (Avocado, Cucumber). Step 3: Cook or assemble for 9 minutes. Step 4: Finish with remaining toppings and serve immediately.",54,3g,6g,2g,(Avocado; 15; grams; 24 kcal) | (Cucumber; 100; grams; 15 kcal) | (Lime; 50; grams; 15 kcal)
Creamy Rice Pudding (Style #120),"Soft white rice simmered patiently in milk, sugar, and rich vanilla extract until thick.",35 mins,dessert,"Step 1: Prep and clean all raw items. Step 2: Combine your base elements (White rice (uncooked), Whole milk). Step 3: Cook or assemble for 35 minutes. Step 4: Finish with remaining toppings and serve immediately.",1233,58g,161g,28g,(White rice (uncooked); 150; grams; 540 kcal) | (Whole milk; 30; grams; 18 kcal) | (Sugar (granulated); 100; grams; 387 kcal) | (Vanilla extract; 100; grams; 288 kcal)
Avocado Toast (Style #121),Creamy smashed avocado over toasted whole wheat or simple bread alternatives.,5 mins,breakfast,"Step 1: Prep and clean all raw items. Step 2: Combine your base elements (Avocado, All-purpose flour). Step 3: Cook or assemble for 5 minutes. Step 4: Finish with remaining toppings and serve immediately.",1281,74g,172g,48g,(Avocado; 15; grams; 24 kcal) | (All-purpose flour; 100; grams; 364 kcal) | (Olive oil; 100; grams; 884 kcal) | (Tomato; 50; grams; 9 kcal)
Chicken Rice Bowl (Style #122),Lean grilled chicken breast served over fluffy white rice with a side of steamed broccoli.,20 mins,lunch,"Step 1: Prep and clean all raw items. Step 2: Combine your base elements (Chicken breast (raw), White rice (uncooked)). Step 3: Cook or assemble for 20 minutes. Step 4: Finish with remaining toppings and serve immediately.",953,68g,111g,32g,(Chicken breast (raw); 100; grams; 120 kcal) | (White rice (uncooked); 100; grams; 360 kcal) | (Broccoli; 15; grams; 5 kcal) | (Soy sauce; 50; grams; 26 kcal) | (Sesame oil; 50; grams; 442 kcal)
Beef and Broccoli Stir-Fry (Style #123),Tender strips of lean beef stir-fried with crisp broccoli florets in a savory soy sauce.,22 mins,dinner,"Step 1: Prep and clean all raw items. Step 2: Combine your base elements (Sirloin steak (raw), Broccoli). Step 3: Cook or assemble for 22 minutes. Step 4: Finish with remaining toppings and serve immediately.",1494,71g,161g,40g,(Sirloin steak (raw); 50; grams; 71 kcal) | (Broccoli; 15; grams; 5 kcal) | (Soy sauce; 150; grams; 80 kcal) | (Ginger root; 15; grams; 12 kcal) | (Sesame oil; 150; grams; 1326 kcal)
Banana Almond Smoothie (Style #124),"A thick, satisfying blended snack featuring sweet banana, almond milk, and almond butter.",5 mins,snack,"Step 1: Prep and clean all raw items. Step 2: Combine your base elements (Banana, Almond milk (unsweetened)). Step 3: Cook or assemble for 5 minutes. Step 4: Finish with remaining toppings and serve immediately.",185,13g,20g,6g,(Banana; 100; grams; 89 kcal) | (Almond milk (unsweetened); 30; grams; 4 kcal) | (Almond butter; 15; grams; 92 kcal)
Dark Chocolate Berry Bark (Style #125),Decadent melted 70% dark chocolate topped with naturally sweet freeze-dried raspberries.,11 mins,dessert,"Step 1: Prep and clean all raw items. Step 2: Combine your base elements (Dark chocolate (70%), Raspberries). Step 3: Cook or assemble for 11 minutes. Step 4: Finish with remaining toppings and serve immediately.",187,11g,20g,6g,(Dark chocolate (70%); 30; grams; 179 kcal) | (Raspberries; 15; grams; 8 kcal)
Sweet Potato Hash (Style #126),"A nutritious, comforting morning skillet filled with cubed sweet potatoes and onions.",18 mins,breakfast,"Step 1: Prep and clean all raw items. Step 2: Combine your base elements (Sweet potato, Yellow onion). Step 3: Cook or assemble for 18 minutes. Step 4: Finish with remaining toppings and serve immediately.",1406,74g,169g,34g,(Sweet potato; 50; grams; 43 kcal) | (Yellow onion; 15; grams; 6 kcal) | (Olive oil; 150; grams; 1326 kcal) | (Bell pepper (red); 100; grams; 31 kcal)
Spinach and Feta Salad (Style #127),Crisp spinach greens tossed with tangy crumbles of feta cheese and roasted sunflower seeds.,9 mins,lunch,"Step 1: Prep and clean all raw items. Step 2: Combine your base elements (Spinach (raw), Feta cheese). Step 3: Cook or assemble for 9 minutes. Step 4: Finish with remaining toppings and serve immediately.",745,43g,86g,25g,(Spinach (raw); 50; grams; 12 kcal) | (Feta cheese; 50; grams; 132 kcal) | (Sunflower seeds (hulled); 50; grams; 292 kcal) | (Olive oil; 30; grams; 265 kcal) | (Balsamic vinegar; 50; grams; 44 kcal)
Turkey Rice Casserole (Style #128),Savory ground turkey combined with wholesome brown rice and sweet green peas.,28 mins,dinner,"Step 1: Prep and clean all raw items. Step 2: Combine your base elements (Ground turkey, Brown rice (uncooked)). Step 3: Cook or assemble for 28 minutes. Step 4: Finish with remaining toppings and serve immediately.",331,22g,39g,8g,(Ground turkey; 100; grams; 143 kcal) | (Brown rice (uncooked); 30; grams; 108 kcal) | (Green peas; 50; grams; 40 kcal) | (Yellow onion; 100; grams; 40 kcal)
Mixed Nuts Energy Mix (Style #129),"A crunchy, nutrient-dense handful of whole almonds, walnuts, and toasted cashews.",5 mins,snack,"Step 1: Prep and clean all raw items. Step 2: Combine your base elements (Almonds, Walnuts). Step 3: Cook or assemble for 5 minutes. Step 4: Finish with remaining toppings and serve immediately.",351,20g,47g,9g,(Almonds; 15; grams; 87 kcal) | (Walnuts; 15; grams; 98 kcal) | (Cashews; 30; grams; 166 kcal)
Sweet Maple Pumpkin Puree (Style #130),"A comforting, warm dessert bowl of smooth pumpkin sweetened elegantly with maple syrup.",5 mins,dessert,"Step 1: Prep and clean all raw items. Step 2: Combine your base elements (Pumpkin (puree), Maple syrup). Step 3: Cook or assemble for 5 minutes. Step 4: Finish with remaining toppings and serve immediately.",617,24g,67g,22g,(Pumpkin (puree); 50; grams; 17 kcal) | (Maple syrup; 100; grams; 260 kcal) | (Heavy cream; 100; grams; 340 kcal)
Classic French Toast (Style #131),"Golden pan-fried bread dipped in a rich, sweetened egg and dairy custard mixture.",13 mins,breakfast,"Step 1: Prep and clean all raw items. Step 2: Combine your base elements (All-purpose flour, Whole milk). Step 3: Cook or assemble for 13 minutes. Step 4: Finish with remaining toppings and serve immediately.",1211,66g,131g,44g,(All-purpose flour; 100; grams; 364 kcal) | (Whole milk; 15; grams; 9 kcal) | (Large egg; 30; grams; 43 kcal) | (Sugar (granulated); 150; grams; 580 kcal) | (Butter; 30; grams; 215 kcal)
Egg Salad Salad (Style #132),Rich chopped hard-boiled eggs mashed with mayonnaise and served over fresh salad greens.,8 mins,lunch,"Step 1: Prep and clean all raw items. Step 2: Combine your base elements (Large egg, Mayonnaise). Step 3: Cook or assemble for 8 minutes. Step 4: Finish with remaining toppings and serve immediately.",343,22g,40g,12g,(Large egg; 150; grams; 214 kcal) | (Mayonnaise; 15; grams; 102 kcal) | (Lettuce (romaine); 15; grams; 15 kcal) | (Yellow onion; 30; grams; 12 kcal)
Beef and Broccoli Stir-Fry (Style #133),Tender strips of lean beef stir-fried with crisp broccoli florets in a savory soy sauce.,20 mins,dinner,"Step 1: Prep and clean all raw items. Step 2: Combine your base elements (Sirloin steak (raw), Broccoli). Step 3: Cook or assemble for 20 minutes. Step 4: Finish with remaining toppings and serve immediately.",302,14g,36g,10g,(Sirloin steak (raw); 50; grams; 71 kcal) | (Broccoli; 15; grams; 5 kcal) | (Soy sauce; 100; grams; 53 kcal) | (Ginger root; 50; grams; 40 kcal) | (Sesame oil; 15; grams; 133 kcal)
Cottage Cheese with Berries (Style #134),High-protein cottage cheese topped with fresh raspberries and a light honey drizzle.,5 mins,snack,"Step 1: Prep and clean all raw items. Step 2: Combine your base elements (Cottage cheese, Raspberries). Step 3: Cook or assemble for 5 minutes. Step 4: Finish with remaining toppings and serve immediately.",335,25g,42g,13g,(Cottage cheese; 15; grams; 15 kcal) | (Raspberries; 30; grams; 16 kcal) | (Honey; 100; grams; 304 kcal)
Sweet Maple Pumpkin Puree (Style #135),"A comforting, warm dessert bowl of smooth pumpkin sweetened elegantly with maple syrup.",5 mins,dessert,"Step 1: Prep and clean all raw items. Step 2: Combine your base elements (Pumpkin (puree), Maple syrup). Step 3: Cook or assemble for 5 minutes. Step 4: Finish with remaining toppings and serve immediately.",740,52g,78g,24g,(Pumpkin (puree); 30; grams; 10 kcal) | (Maple syrup; 150; grams; 390 kcal) | (Heavy cream; 100; grams; 340 kcal)
Cheesy Bacon Omelet (Style #136),A classic hearty three-egg omelet loaded with crispy bacon and melted cheddar.,6 mins,breakfast,"Step 1: Prep and clean all raw items. Step 2: Combine your base elements (Large egg, Bacon (raw)). Step 3: Cook or assemble for 6 minutes. Step 4: Finish with remaining toppings and serve immediately.",1558,81g,210g,52g,(Large egg; 15; grams; 21 kcal) | (Bacon (raw); 100; grams; 417 kcal) | (Cheddar cheese; 100; grams; 403 kcal) | (Butter; 100; grams; 717 kcal)
Black Bean and Corn Bowl (Style #137),"A hearty vegetarian fiber bowl featuring black beans, sweet corn, and a bright lime dressing.",15 mins,lunch,"Step 1: Prep and clean all raw items. Step 2: Combine your base elements (Black beans (canned), Corn (kernels)). Step 3: Cook or assemble for 15 minutes. Step 4: Finish with remaining toppings and serve immediately.",570,38g,70g,15g,(Black beans (canned); 150; grams; 136 kcal) | (Corn (kernels); 150; grams; 129 kcal) | (Bell pepper (green); 50; grams; 10 kcal) | (Olive oil; 30; grams; 265 kcal) | (Lime; 100; grams; 30 kcal)
Ribeye Steak and Potatoes (Style #138),"A premium, juicy ribeye steak seared to perfection and paired with a fluffy baked potato.",33 mins,dinner,"Step 1: Prep and clean all raw items. Step 2: Combine your base elements (Ribeye steak (raw), Russet potato). Step 3: Cook or assemble for 33 minutes. Step 4: Finish with remaining toppings and serve immediately.",1417,105g,165g,41g,(Ribeye steak (raw); 150; grams; 436 kcal) | (Russet potato; 50; grams; 40 kcal) | (Butter; 100; grams; 717 kcal) | (Garlic; 150; grams; 224 kcal)
Cottage Cheese with Berries (Style #139),High-protein cottage cheese topped with fresh raspberries and a light honey drizzle.,5 mins,snack,"Step 1: Prep and clean all raw items. Step 2: Combine your base elements (Cottage cheese, Raspberries). Step 3: Cook or assemble for 5 minutes. Step 4: Finish with remaining toppings and serve immediately.",279,13g,33g,9g,(Cottage cheese; 50; grams; 49 kcal) | (Raspberries; 150; grams; 78 kcal) | (Honey; 50; grams; 152 kcal)
Dark Chocolate Berry Bark (Style #140),Decadent melted 70% dark chocolate topped with naturally sweet freeze-dried raspberries.,10 mins,dessert,"Step 1: Prep and clean all raw items. Step 2: Combine your base elements (Dark chocolate (70%), Raspberries). Step 3: Cook or assemble for 10 minutes. Step 4: Finish with remaining toppings and serve immediately.",187,14g,24g,6g,(Dark chocolate (70%); 30; grams; 179 kcal) | (Raspberries; 15; grams; 8 kcal)
Peanut Butter Banana Oats (Style #141),"Thick, creamy oatmeal swirled with rich peanut butter and sweet sliced banana.",5 mins,breakfast,"Step 1: Prep and clean all raw items. Step 2: Combine your base elements (Rolled oats, Whole milk). Step 3: Cook or assemble for 5 minutes. Step 4: Finish with remaining toppings and serve immediately.",1053,48g,137g,24g,(Rolled oats; 30; grams; 114 kcal) | (Whole milk; 50; grams; 30 kcal) | (Peanut butter; 150; grams; 882 kcal) | (Banana; 30; grams; 27 kcal)
Quinoa Mediterranean Bowl (Style #142),"A refreshing whole-grain bowl mixed with cucumbers, tomatoes, and zesty feta cheese.",14 mins,lunch,"Step 1: Prep and clean all raw items. Step 2: Combine your base elements (Quinoa (uncooked), Cucumber). Step 3: Cook or assemble for 14 minutes. Step 4: Finish with remaining toppings and serve immediately.",914,40g,113g,31g,(Quinoa (uncooked); 100; grams; 368 kcal) | (Cucumber; 150; grams; 22 kcal) | (Tomato; 15; grams; 3 kcal) | (Feta cheese; 30; grams; 79 kcal) | (Olive oil; 50; grams; 442 kcal)
Shrimp Scampi Noodles (Style #143),"Plump, juicy shrimp sauteed in a bright, savory garlic, lemon, and butter sauce over noodles.",16 mins,dinner,"Step 1: Prep and clean all raw items. Step 2: Combine your base elements (Shrimp (raw), Egg noodles (dry)). Step 3: Cook or assemble for 16 minutes. Step 4: Finish with remaining toppings and serve immediately.",794,44g,101g,27g,(Shrimp (raw); 100; grams; 85 kcal) | (Egg noodles (dry); 150; grams; 570 kcal) | (Butter; 15; grams; 108 kcal) | (Garlic; 15; grams; 22 kcal) | (Lemon; 30; grams; 9 kcal)
Apple with Peanut Butter (Style #144),"Crisp, sweet apple slices paired perfectly with a serving of creamy peanut butter.",5 mins,snack,"Step 1: Prep and clean all raw items. Step 2: Combine your base elements (Apple (with skin), Peanut butter). Step 3: Cook or assemble for 5 minutes. Step 4: Finish with remaining toppings and serve immediately.",666,41g,91g,17g,(Apple (with skin); 150; grams; 78 kcal) | (Peanut butter; 100; grams; 588 kcal)
Fudgy Cocoa Brownies (Style #145),"Rich, dense, and intensely chocolatey brownies made using dark cocoa powder.",23 mins,dessert,"Step 1: Prep and clean all raw items. Step 2: Combine your base elements (Cocoa powder, Sugar (granulated)). Step 3: Cook or assemble for 23 minutes. Step 4: Finish with remaining toppings and serve immediately.",1784,126g,244g,44g,(Cocoa powder; 100; grams; 228 kcal) | (Sugar (granulated); 150; grams; 580 kcal) | (Butter; 50; grams; 358 kcal) | (All-purpose flour; 150; grams; 546 kcal) | (Large egg; 50; grams; 72 kcal)
Greek Yogurt Parfait (Style #146),"Thick Greek yogurt layered with raw oats, sweet berries, and a drizzle of organic honey.",6 mins,breakfast,"Step 1: Prep and clean all raw items. Step 2: Combine your base elements (Greek yogurt (plain, non-fat), Rolled oats). Step 3: Cook or assemble for 6 minutes. Step 4: Finish with remaining toppings and serve immediately.",313,18g,35g,12g,"(Greek yogurt (plain, non-fat); 15; grams; 15 kcal) | (Rolled oats; 30; grams; 114 kcal) | (Blueberries; 150; grams; 85 kcal) | (Raspberries; 15; grams; 8 kcal) | (Honey; 30; grams; 91 kcal)"
Chicken Avocado Salad (Style #147),Crisp romaine lettuce tossed with tender grilled chicken breast and rich avocado chunks.,9 mins,lunch,"Step 1: Prep and clean all raw items. Step 2: Combine your base elements (Chicken breast (raw), Avocado). Step 3: Cook or assemble for 9 minutes. Step 4: Finish with remaining toppings and serve immediately.",664,39g,91g,22g,(Chicken breast (raw); 100; grams; 120 kcal) | (Avocado; 30; grams; 48 kcal) | (Lettuce (romaine); 50; grams; 50 kcal) | (Olive oil; 50; grams; 442 kcal) | (Lemon; 15; grams; 4 kcal)
Garlic Butter Salmon (Style #148),Flaky pan-seared salmon fillet basted with a decadent garlic and herb butter sauce.,13 mins,dinner,"Step 1: Prep and clean all raw items. Step 2: Combine your base elements (Salmon fillet (raw), Butter). Step 3: Cook or assemble for 13 minutes. Step 4: Finish with remaining toppings and serve immediately.",774,35g,95g,29g,(Salmon fillet (raw); 15; grams; 21 kcal) | (Butter; 100; grams; 717 kcal) | (Garlic; 15; grams; 22 kcal) | (Lemon; 50; grams; 14 kcal)
Cottage Cheese with Berries (Style #149),High-protein cottage cheese topped with fresh raspberries and a light honey drizzle.,5 mins,snack,"Step 1: Prep and clean all raw items. Step 2: Combine your base elements (Cottage cheese, Raspberries). Step 3: Cook or assemble for 5 minutes. Step 4: Finish with remaining toppings and serve immediately.",359,23g,43g,9g,(Cottage cheese; 30; grams; 29 kcal) | (Raspberries; 50; grams; 26 kcal) | (Honey; 100; grams; 304 kcal)
Vanilla Berry Shortcake (Style #150),"Sweet, tender home-baked shortcake biscuits layered with berries and heavy cream.",23 mins,dessert,"Step 1: Prep and clean all raw items. Step 2: Combine your base elements (All-purpose flour, Heavy cream). Step 3: Cook or assemble for 23 minutes. Step 4: Finish with remaining toppings and serve immediately.",340,20g,45g,12g,(All-purpose flour; 15; grams; 55 kcal) | (Heavy cream; 15; grams; 51 kcal) | (Strawberries; 100; grams; 32 kcal) | (Sugar (granulated); 30; grams; 116 kcal) | (Vanilla extract; 30; grams; 86 kcal)
Sweet Potato Hash (Style #151),"A nutritious, comforting morning skillet filled with cubed sweet potatoes and onions.",19 mins,breakfast,"Step 1: Prep and clean all raw items. Step 2: Combine your base elements (Sweet potato, Yellow onion). Step 3: Cook or assemble for 19 minutes. Step 4: Finish with remaining toppings and serve immediately.",955,47g,127g,34g,(Sweet potato; 50; grams; 43 kcal) | (Yellow onion; 30; grams; 12 kcal) | (Olive oil; 100; grams; 884 kcal) | (Bell pepper (red); 50; grams; 16 kcal)
Quinoa Mediterranean Bowl (Style #152),"A refreshing whole-grain bowl mixed with cucumbers, tomatoes, and zesty feta cheese.",19 mins,lunch,"Step 1: Prep and clean all raw items. Step 2: Combine your base elements (Quinoa (uncooked), Cucumber). Step 3: Cook or assemble for 19 minutes. Step 4: Finish with remaining toppings and serve immediately.",1833,113g,187g,49g,(Quinoa (uncooked); 100; grams; 368 kcal) | (Cucumber; 15; grams; 2 kcal) | (Tomato; 30; grams; 5 kcal) | (Feta cheese; 50; grams; 132 kcal) | (Olive oil; 150; grams; 1326 kcal)
Beef and Broccoli Stir-Fry (Style #153),Tender strips of lean beef stir-fried with crisp broccoli florets in a savory soy sauce.,18 mins,dinner,"Step 1: Prep and clean all raw items. Step 2: Combine your base elements (Sirloin steak (raw), Broccoli). Step 3: Cook or assemble for 18 minutes. Step 4: Finish with remaining toppings and serve immediately.",382,20g,44g,10g,(Sirloin steak (raw); 30; grams; 43 kcal) | (Broccoli; 100; grams; 34 kcal) | (Soy sauce; 30; grams; 16 kcal) | (Ginger root; 30; grams; 24 kcal) | (Sesame oil; 30; grams; 265 kcal)
Banana Almond Smoothie (Style #154),"A thick, satisfying blended snack featuring sweet banana, almond milk, and almond butter.",6 mins,snack,"Step 1: Prep and clean all raw items. Step 2: Combine your base elements (Banana, Almond milk (unsweetened)). Step 3: Cook or assemble for 6 minutes. Step 4: Finish with remaining toppings and serve immediately.",336,22g,39g,9g,(Banana; 30; grams; 27 kcal) | (Almond milk (unsweetened); 15; grams; 2 kcal) | (Almond butter; 50; grams; 307 kcal)
Vanilla Berry Shortcake (Style #155),"Sweet, tender home-baked shortcake biscuits layered with berries and heavy cream.",19 mins,dessert,"Step 1: Prep and clean all raw items. Step 2: Combine your base elements (All-purpose flour, Heavy cream). Step 3: Cook or assemble for 19 minutes. Step 4: Finish with remaining toppings and serve immediately.",705,36g,83g,17g,(All-purpose flour; 100; grams; 364 kcal) | (Heavy cream; 15; grams; 51 kcal) | (Strawberries; 30; grams; 10 kcal) | (Sugar (granulated); 50; grams; 194 kcal) | (Vanilla extract; 30; grams; 86 kcal)
Cheesy Bacon Omelet (Style #156),A classic hearty three-egg omelet loaded with crispy bacon and melted cheddar.,12 mins,breakfast,"Step 1: Prep and clean all raw items. Step 2: Combine your base elements (Large egg, Bacon (raw)). Step 3: Cook or assemble for 12 minutes. Step 4: Finish with remaining toppings and serve immediately.",606,25g,80g,14g,(Large egg; 15; grams; 21 kcal) | (Bacon (raw); 100; grams; 417 kcal) | (Cheddar cheese; 15; grams; 60 kcal) | (Butter; 15; grams; 108 kcal)
Egg Salad Salad (Style #157),Rich chopped hard-boiled eggs mashed with mayonnaise and served over fresh salad greens.,10 mins,lunch,"Step 1: Prep and clean all raw items. Step 2: Combine your base elements (Large egg, Mayonnaise). Step 3: Cook or assemble for 10 minutes. Step 4: Finish with remaining toppings and serve immediately.",337,15g,46g,11g,(Large egg; 15; grams; 21 kcal) | (Mayonnaise; 30; grams; 204 kcal) | (Lettuce (romaine); 100; grams; 100 kcal) | (Yellow onion; 30; grams; 12 kcal)
Ribeye Steak and Potatoes (Style #158),"A premium, juicy ribeye steak seared to perfection and paired with a fluffy baked potato.",27 mins,dinner,"Step 1: Prep and clean all raw items. Step 2: Combine your base elements (Ribeye steak (raw), Russet potato). Step 3: Cook or assemble for 27 minutes. Step 4: Finish with remaining toppings and serve immediately.",1024,48g,111g,32g,(Ribeye steak (raw); 50; grams; 146 kcal) | (Russet potato; 15; grams; 12 kcal) | (Butter; 100; grams; 717 kcal) | (Garlic; 100; grams; 149 kcal)
Spiced Roasted Chickpeas (Style #159),"Crunchy, oven-roasted garbanzo beans tossed in a drizzle of healthy olive oil.",27 mins,snack,"Step 1: Prep and clean all raw items. Step 2: Combine your base elements (Chickpeas/Garbanzo (canned), Olive oil). Step 3: Cook or assemble for 27 minutes. Step 4: Finish with remaining toppings and serve immediately.",460,28g,53g,11g,(Chickpeas/Garbanzo (canned); 15; grams; 18 kcal) | (Olive oil; 50; grams; 442 kcal)
Classic Chocolate Chip Cookies (Style #160),"Warm, chewy homemade cookies packed generously with sweet semi-sweet chocolate chips.",18 mins,dessert,"Step 1: Prep and clean all raw items. Step 2: Combine your base elements (All-purpose flour, Butter). Step 3: Cook or assemble for 18 minutes. Step 4: Finish with remaining toppings and serve immediately.",1347,73g,169g,35g,(All-purpose flour; 15; grams; 55 kcal) | (Butter; 30; grams; 215 kcal) | (Sugar (granulated); 150; grams; 580 kcal) | (Brown sugar; 30; grams; 114 kcal) | (Chocolate chips (semi-sweet); 50; grams; 240 kcal) | (Large egg; 100; grams; 143 kcal)
Peanut Butter Banana Oats (Style #161),"Thick, creamy oatmeal swirled with rich peanut butter and sweet sliced banana.",10 mins,breakfast,"Step 1: Prep and clean all raw items. Step 2: Combine your base elements (Rolled oats, Whole milk). Step 3: Cook or assemble for 10 minutes. Step 4: Finish with remaining toppings and serve immediately.",366,20g,42g,9g,(Rolled oats; 30; grams; 114 kcal) | (Whole milk; 50; grams; 30 kcal) | (Peanut butter; 15; grams; 88 kcal) | (Banana; 150; grams; 134 kcal)
Egg Salad Salad (Style #162),Rich chopped hard-boiled eggs mashed with mayonnaise and served over fresh salad greens.,8 mins,lunch,"Step 1: Prep and clean all raw items. Step 2: Combine your base elements (Large egg, Mayonnaise). Step 3: Cook or assemble for 8 minutes. Step 4: Finish with remaining toppings and serve immediately.",821,36g,95g,28g,(Large egg; 15; grams; 21 kcal) | (Mayonnaise; 100; grams; 680 kcal) | (Lettuce (romaine); 100; grams; 100 kcal) | (Yellow onion; 50; grams; 20 kcal)
Turkey Rice Casserole (Style #163),Savory ground turkey combined with wholesome brown rice and sweet green peas.,29 mins,dinner,"Step 1: Prep and clean all raw items. Step 2: Combine your base elements (Ground turkey, Brown rice (uncooked)). Step 3: Cook or assemble for 29 minutes. Step 4: Finish with remaining toppings and serve immediately.",620,39g,71g,17g,(Ground turkey; 150; grams; 214 kcal) | (Brown rice (uncooked); 100; grams; 360 kcal) | (Green peas; 50; grams; 40 kcal) | (Yellow onion; 15; grams; 6 kcal)
Yogurt Berry Crunch (Style #164),Smooth Greek yogurt topped with fresh blueberries and crunchy chia seeds.,5 mins,snack,"Step 1: Prep and clean all raw items. Step 2: Combine your base elements (Greek yogurt (plain, non-fat), Blueberries). Step 3: Cook or assemble for 5 minutes. Step 4: Finish with remaining toppings and serve immediately.",772,41g,92g,28g,"(Greek yogurt (plain, non-fat); 15; grams; 15 kcal) | (Blueberries; 50; grams; 28 kcal) | (Chia seeds; 150; grams; 729 kcal)"
Sweet Maple Pumpkin Puree (Style #165),"A comforting, warm dessert bowl of smooth pumpkin sweetened elegantly with maple syrup.",7 mins,dessert,"Step 1: Prep and clean all raw items. Step 2: Combine your base elements (Pumpkin (puree), Maple syrup). Step 3: Cook or assemble for 7 minutes. Step 4: Finish with remaining toppings and serve immediately.",253,14g,33g,9g,(Pumpkin (puree); 15; grams; 5 kcal) | (Maple syrup; 30; grams; 78 kcal) | (Heavy cream; 50; grams; 170 kcal)
Savory Breakfast Quinoa (Style #166),"A warm, protein-packed quinoa bowl cooked with savory garlic, spinach, and soft egg.",12 mins,breakfast,"Step 1: Prep and clean all raw items. Step 2: Combine your base elements (Quinoa (uncooked), Large egg). Step 3: Cook or assemble for 12 minutes. Step 4: Finish with remaining toppings and serve immediately.",1880,126g,192g,71g,(Quinoa (uncooked); 50; grams; 184 kcal) | (Large egg; 100; grams; 143 kcal) | (Spinach (raw); 15; grams; 3 kcal) | (Garlic; 150; grams; 224 kcal) | (Olive oil; 150; grams; 1326 kcal)
Chicken Avocado Salad (Style #167),Crisp romaine lettuce tossed with tender grilled chicken breast and rich avocado chunks.,9 mins,lunch,"Step 1: Prep and clean all raw items. Step 2: Combine your base elements (Chicken breast (raw), Avocado). Step 3: Cook or assemble for 9 minutes. Step 4: Finish with remaining toppings and serve immediately.",640,32g,78g,18g,(Chicken breast (raw); 30; grams; 36 kcal) | (Avocado; 100; grams; 160 kcal) | (Lettuce (romaine); 150; grams; 150 kcal) | (Olive oil; 30; grams; 265 kcal) | (Lemon; 100; grams; 29 kcal)
Hearty Ground Beef Skillet (Style #168),A comfort-food favorite featuring ground beef cooked down with onions and tomato paste.,25 mins,dinner,"Step 1: Prep and clean all raw items. Step 2: Combine your base elements (Ground beef (80/20, raw), Yellow onion). Step 3: Cook or assemble for 25 minutes. Step 4: Finish with remaining toppings and serve immediately.",1205,79g,148g,33g,"(Ground beef (80/20, raw); 50; grams; 50 kcal) | (Yellow onion; 100; grams; 40 kcal) | (Tomato paste; 100; grams; 82 kcal) | (Garlic; 100; grams; 149 kcal) | (Olive oil; 100; grams; 884 kcal)"
Spiced Roasted Chickpeas (Style #169),"Crunchy, oven-roasted garbanzo beans tossed in a drizzle of healthy olive oil.",29 mins,snack,"Step 1: Prep and clean all raw items. Step 2: Combine your base elements (Chickpeas/Garbanzo (canned), Olive oil). Step 3: Cook or assemble for 29 minutes. Step 4: Finish with remaining toppings and serve immediately.",1504,71g,154g,48g,(Chickpeas/Garbanzo (canned); 150; grams; 178 kcal) | (Olive oil; 150; grams; 1326 kcal)
Vanilla Berry Shortcake (Style #170),"Sweet, tender home-baked shortcake biscuits layered with berries and heavy cream.",21 mins,dessert,"Step 1: Prep and clean all raw items. Step 2: Combine your base elements (All-purpose flour, Heavy cream). Step 3: Cook or assemble for 21 minutes. Step 4: Finish with remaining toppings and serve immediately.",1214,69g,122g,28g,(All-purpose flour; 100; grams; 364 kcal) | (Heavy cream; 50; grams; 170 kcal) | (Strawberries; 15; grams; 5 kcal) | (Sugar (granulated); 100; grams; 387 kcal) | (Vanilla extract; 100; grams; 288 kcal)
Sweet Potato Hash (Style #171),"A nutritious, comforting morning skillet filled with cubed sweet potatoes and onions.",17 mins,breakfast,"Step 1: Prep and clean all raw items. Step 2: Combine your base elements (Sweet potato, Yellow onion). Step 3: Cook or assemble for 17 minutes. Step 4: Finish with remaining toppings and serve immediately.",498,34g,59g,15g,(Sweet potato; 15; grams; 13 kcal) | (Yellow onion; 30; grams; 12 kcal) | (Olive oil; 50; grams; 442 kcal) | (Bell pepper (red); 100; grams; 31 kcal)
Chicken Rice Bowl (Style #172),Lean grilled chicken breast served over fluffy white rice with a side of steamed broccoli.,21 mins,lunch,"Step 1: Prep and clean all raw items. Step 2: Combine your base elements (Chicken breast (raw), White rice (uncooked)). Step 3: Cook or assemble for 21 minutes. Step 4: Finish with remaining toppings and serve immediately.",1493,86g,181g,53g,(Chicken breast (raw); 30; grams; 36 kcal) | (White rice (uncooked); 15; grams; 54 kcal) | (Broccoli; 150; grams; 51 kcal) | (Soy sauce; 50; grams; 26 kcal) | (Sesame oil; 150; grams; 1326 kcal)
Garlic Butter Salmon (Style #173),Flaky pan-seared salmon fillet basted with a decadent garlic and herb butter sauce.,12 mins,dinner,"Step 1: Prep and clean all raw items. Step 2: Combine your base elements (Salmon fillet (raw), Butter). Step 3: Cook or assemble for 12 minutes. Step 4: Finish with remaining toppings and serve immediately.",1145,82g,141g,38g,(Salmon fillet (raw); 30; grams; 43 kcal) | (Butter; 150; grams; 1076 kcal) | (Garlic; 15; grams; 22 kcal) | (Lemon; 15; grams; 4 kcal)
Yogurt Berry Crunch (Style #174),Smooth Greek yogurt topped with fresh blueberries and crunchy chia seeds.,5 mins,snack,"Step 1: Prep and clean all raw items. Step 2: Combine your base elements (Greek yogurt (plain, non-fat), Blueberries). Step 3: Cook or assemble for 5 minutes. Step 4: Finish with remaining toppings and serve immediately.",844,41g,111g,22g,"(Greek yogurt (plain, non-fat); 30; grams; 30 kcal) | (Blueberries; 150; grams; 85 kcal) | (Chia seeds; 150; grams; 729 kcal)"
Dark Chocolate Berry Bark (Style #175),Decadent melted 70% dark chocolate topped with naturally sweet freeze-dried raspberries.,12 mins,dessert,"Step 1: Prep and clean all raw items. Step 2: Combine your base elements (Dark chocolate (70%), Raspberries). Step 3: Cook or assemble for 12 minutes. Step 4: Finish with remaining toppings and serve immediately.",257,10g,32g,8g,(Dark chocolate (70%); 30; grams; 179 kcal) | (Raspberries; 150; grams; 78 kcal)
Berry Oatmeal (Style #176),"A classic, heart-healthy rolled oats breakfast topped with sweet fresh berries.",6 mins,breakfast,"Step 1: Prep and clean all raw items. Step 2: Combine your base elements (Rolled oats, Whole milk). Step 3: Cook or assemble for 6 minutes. Step 4: Finish with remaining toppings and serve immediately.",432,17g,54g,13g,(Rolled oats; 15; grams; 57 kcal) | (Whole milk; 50; grams; 30 kcal) | (Blueberries; 15; grams; 9 kcal) | (Strawberries; 100; grams; 32 kcal) | (Honey; 100; grams; 304 kcal)
Quinoa Mediterranean Bowl (Style #177),"A refreshing whole-grain bowl mixed with cucumbers, tomatoes, and zesty feta cheese.",13 mins,lunch,"Step 1: Prep and clean all raw items. Step 2: Combine your base elements (Quinoa (uncooked), Cucumber). Step 3: Cook or assemble for 13 minutes. Step 4: Finish with remaining toppings and serve immediately.",276,12g,29g,10g,(Quinoa (uncooked); 15; grams; 55 kcal) | (Cucumber; 30; grams; 4 kcal) | (Tomato; 30; grams; 5 kcal) | (Feta cheese; 30; grams; 79 kcal) | (Olive oil; 15; grams; 133 kcal)
Ribeye Steak and Potatoes (Style #178),"A premium, juicy ribeye steak seared to perfection and paired with a fluffy baked potato.",28 mins,dinner,"Step 1: Prep and clean all raw items. Step 2: Combine your base elements (Ribeye steak (raw), Russet potato). Step 3: Cook or assemble for 28 minutes. Step 4: Finish with remaining toppings and serve immediately.",490,28g,53g,14g,(Ribeye steak (raw); 50; grams; 146 kcal) | (Russet potato; 15; grams; 12 kcal) | (Butter; 15; grams; 108 kcal) | (Garlic; 150; grams; 224 kcal)
Chia Seed Pudding (Style #179),Nutritious chia seeds soaked overnight in rich coconut milk and sweetened with maple syrup.,14 mins,snack,"Step 1: Prep and clean all raw items. Step 2: Combine your base elements (Chia seeds, Coconut milk (canned)). Step 3: Cook or assemble for 14 minutes. Step 4: Finish with remaining toppings and serve immediately.",974,41g,103g,35g,(Chia seeds; 100; grams; 486 kcal) | (Coconut milk (canned); 50; grams; 98 kcal) | (Maple syrup; 150; grams; 390 kcal)
Avocado Chocolate Mousse (Style #180),A surprisingly rich and creamy healthy mousse combining ripe avocado with sweet cocoa powder.,12 mins,dessert,"Step 1: Prep and clean all raw items. Step 2: Combine your base elements (Avocado, Cocoa powder). Step 3: Cook or assemble for 12 minutes. Step 4: Finish with remaining toppings and serve immediately.",634,31g,76g,23g,(Avocado; 150; grams; 240 kcal) | (Cocoa powder; 50; grams; 114 kcal) | (Maple syrup; 100; grams; 260 kcal) | (Almond milk (unsweetened); 150; grams; 20 kcal)
Avocado Toast (Style #181),Creamy smashed avocado over toasted whole wheat or simple bread alternatives.,7 mins,breakfast,"Step 1: Prep and clean all raw items. Step 2: Combine your base elements (Avocado, All-purpose flour). Step 3: Cook or assemble for 7 minutes. Step 4: Finish with remaining toppings and serve immediately.",755,29g,95g,22g,(Avocado; 150; grams; 240 kcal) | (All-purpose flour; 15; grams; 55 kcal) | (Olive oil; 50; grams; 442 kcal) | (Tomato; 100; grams; 18 kcal)
Chicken Avocado Salad (Style #182),Crisp romaine lettuce tossed with tender grilled chicken breast and rich avocado chunks.,15 mins,lunch,"Step 1: Prep and clean all raw items. Step 2: Combine your base elements (Chicken breast (raw), Avocado). Step 3: Cook or assemble for 15 minutes. Step 4: Finish with remaining toppings and serve immediately.",517,29g,62g,17g,(Chicken breast (raw); 15; grams; 18 kcal) | (Avocado; 50; grams; 80 kcal) | (Lettuce (romaine); 150; grams; 150 kcal) | (Olive oil; 30; grams; 265 kcal) | (Lemon; 15; grams; 4 kcal)
Classic Pork Chop Dinner (Style #183),"Thick, juicy boneless pork chops pan-seared alongside seasoned roasted russet potatoes.",29 mins,dinner,"Step 1: Prep and clean all raw items. Step 2: Combine your base elements (Pork chop (raw, boneless), Russet potato). Step 3: Cook or assemble for 29 minutes. Step 4: Finish with remaining toppings and serve immediately.",309,15g,39g,7g,"(Pork chop (raw, boneless); 15; grams; 15 kcal) | (Russet potato; 15; grams; 12 kcal) | (Olive oil; 15; grams; 133 kcal) | (Garlic; 100; grams; 149 kcal)"
Yogurt Berry Crunch (Style #184),Smooth Greek yogurt topped with fresh blueberries and crunchy chia seeds.,5 mins,snack,"Step 1: Prep and clean all raw items. Step 2: Combine your base elements (Greek yogurt (plain, non-fat), Blueberries). Step 3: Cook or assemble for 5 minutes. Step 4: Finish with remaining toppings and serve immediately.",558,24g,64g,15g,"(Greek yogurt (plain, non-fat); 15; grams; 15 kcal) | (Blueberries; 100; grams; 57 kcal) | (Chia seeds; 100; grams; 486 kcal)"
Classic Chocolate Chip Cookies (Style #185),"Warm, chewy homemade cookies packed generously with sweet semi-sweet chocolate chips.",14 mins,dessert,"Step 1: Prep and clean all raw items. Step 2: Combine your base elements (All-purpose flour, Butter). Step 3: Cook or assemble for 14 minutes. Step 4: Finish with remaining toppings and serve immediately.",1961,116g,198g,63g,(All-purpose flour; 15; grams; 55 kcal) | (Butter; 150; grams; 1076 kcal) | (Sugar (granulated); 30; grams; 116 kcal) | (Brown sugar; 150; grams; 570 kcal) | (Chocolate chips (semi-sweet); 15; grams; 72 kcal) | (Large egg; 50; grams; 72 kcal)
Sweet Potato Hash (Style #186),"A nutritious, comforting morning skillet filled with cubed sweet potatoes and onions.",20 mins,breakfast,"Step 1: Prep and clean all raw items. Step 2: Combine your base elements (Sweet potato, Yellow onion). Step 3: Cook or assemble for 20 minutes. Step 4: Finish with remaining toppings and serve immediately.",986,44g,126g,34g,(Sweet potato; 30; grams; 26 kcal) | (Yellow onion; 150; grams; 60 kcal) | (Olive oil; 100; grams; 884 kcal) | (Bell pepper (red); 50; grams; 16 kcal)
Spinach and Feta Salad (Style #187),Crisp spinach greens tossed with tangy crumbles of feta cheese and roasted sunflower seeds.,5 mins,lunch,"Step 1: Prep and clean all raw items. Step 2: Combine your base elements (Spinach (raw), Feta cheese). Step 3: Cook or assemble for 5 minutes. Step 4: Finish with remaining toppings and serve immediately.",1191,45g,128g,35g,(Spinach (raw); 150; grams; 34 kcal) | (Feta cheese; 100; grams; 264 kcal) | (Sunflower seeds (hulled); 100; grams; 584 kcal) | (Olive oil; 30; grams; 265 kcal) | (Balsamic vinegar; 50; grams; 44 kcal)
Beef and Broccoli Stir-Fry (Style #188),Tender strips of lean beef stir-fried with crisp broccoli florets in a savory soy sauce.,24 mins,dinner,"Step 1: Prep and clean all raw items. Step 2: Combine your base elements (Sirloin steak (raw), Broccoli). Step 3: Cook or assemble for 24 minutes. Step 4: Finish with remaining toppings and serve immediately.",459,29g,48g,17g,(Sirloin steak (raw); 150; grams; 213 kcal) | (Broccoli; 50; grams; 17 kcal) | (Soy sauce; 30; grams; 16 kcal) | (Ginger root; 100; grams; 80 kcal) | (Sesame oil; 15; grams; 133 kcal)
Apple with Peanut Butter (Style #189),"Crisp, sweet apple slices paired perfectly with a serving of creamy peanut butter.",6 mins,snack,"Step 1: Prep and clean all raw items. Step 2: Combine your base elements (Apple (with skin), Peanut butter). Step 3: Cook or assemble for 6 minutes. Step 4: Finish with remaining toppings and serve immediately.",310,13g,42g,12g,(Apple (with skin); 30; grams; 16 kcal) | (Peanut butter; 50; grams; 294 kcal)
Creamy Rice Pudding (Style #190),"Soft white rice simmered patiently in milk, sugar, and rich vanilla extract until thick.",39 mins,dessert,"Step 1: Prep and clean all raw items. Step 2: Combine your base elements (White rice (uncooked), Whole milk). Step 3: Cook or assemble for 39 minutes. Step 4: Finish with remaining toppings and serve immediately.",795,53g,91g,19g,(White rice (uncooked); 30; grams; 108 kcal) | (Whole milk; 100; grams; 61 kcal) | (Sugar (granulated); 50; grams; 194 kcal) | (Vanilla extract; 150; grams; 432 kcal)
Peanut Butter Banana Oats (Style #191),"Thick, creamy oatmeal swirled with rich peanut butter and sweet sliced banana.",10 mins,breakfast,"Step 1: Prep and clean all raw items. Step 2: Combine your base elements (Rolled oats, Whole milk). Step 3: Cook or assemble for 10 minutes. Step 4: Finish with remaining toppings and serve immediately.",515,29g,53g,15g,(Rolled oats; 15; grams; 57 kcal) | (Whole milk; 50; grams; 30 kcal) | (Peanut butter; 50; grams; 294 kcal) | (Banana; 150; grams; 134 kcal)
Turkey Club Salad (Style #192),Lean deli turkey strips served over crunchy iceberg lettuce with bacon and tomatoes.,14 mins,lunch,"Step 1: Prep and clean all raw items. Step 2: Combine your base elements (Turkey breast (raw), Bacon (raw)). Step 3: Cook or assemble for 14 minutes. Step 4: Finish with remaining toppings and serve immediately.",500,26g,51g,12g,(Turkey breast (raw); 50; grams; 57 kcal) | (Bacon (raw); 50; grams; 208 kcal) | (Lettuce (iceberg); 30; grams; 4 kcal) | (Tomato; 150; grams; 27 kcal) | (Mayonnaise; 30; grams; 204 kcal)
Turkey Rice Casserole (Style #193),Savory ground turkey combined with wholesome brown rice and sweet green peas.,25 mins,dinner,"Step 1: Prep and clean all raw items. Step 2: Combine your base elements (Ground turkey, Brown rice (uncooked)). Step 3: Cook or assemble for 25 minutes. Step 4: Finish with remaining toppings and serve immediately.",259,16g,34g,6g,(Ground turkey; 30; grams; 43 kcal) | (Brown rice (uncooked); 15; grams; 54 kcal) | (Green peas; 150; grams; 122 kcal) | (Yellow onion; 100; grams; 40 kcal)
Cottage Cheese with Berries (Style #194),High-protein cottage cheese topped with fresh raspberries and a light honey drizzle.,6 mins,snack,"Step 1: Prep and clean all raw items. Step 2: Combine your base elements (Cottage cheese, Raspberries). Step 3: Cook or assemble for 6 minutes. Step 4: Finish with remaining toppings and serve immediately.",264,10g,27g,8g,(Cottage cheese; 150; grams; 147 kcal) | (Raspberries; 50; grams; 26 kcal) | (Honey; 30; grams; 91 kcal)
Creamy Rice Pudding (Style #195),"Soft white rice simmered patiently in milk, sugar, and rich vanilla extract until thick.",38 mins,dessert,"Step 1: Prep and clean all raw items. Step 2: Combine your base elements (White rice (uncooked), Whole milk). Step 3: Cook or assemble for 38 minutes. Step 4: Finish with remaining toppings and serve immediately.",916,65g,95g,30g,(White rice (uncooked); 150; grams; 540 kcal) | (Whole milk; 50; grams; 30 kcal) | (Sugar (granulated); 15; grams; 58 kcal) | (Vanilla extract; 100; grams; 288 kcal)
Fluffy Protein Pancakes (Style #196),"Deliciously light homemade pancakes elevated with milk, egg, and a touch of sweetness.",16 mins,breakfast,"Step 1: Prep and clean all raw items. Step 2: Combine your base elements (All-purpose flour, Whole milk). Step 3: Cook or assemble for 16 minutes. Step 4: Finish with remaining toppings and serve immediately.",1647,112g,222g,59g,(All-purpose flour; 150; grams; 546 kcal) | (Whole milk; 150; grams; 92 kcal) | (Large egg; 150; grams; 214 kcal) | (Sugar (granulated); 150; grams; 580 kcal) | (Butter; 30; grams; 215 kcal)
Turkey Club Salad (Style #197),Lean deli turkey strips served over crunchy iceberg lettuce with bacon and tomatoes.,9 mins,lunch,"Step 1: Prep and clean all raw items. Step 2: Combine your base elements (Turkey breast (raw), Bacon (raw)). Step 3: Cook or assemble for 9 minutes. Step 4: Finish with remaining toppings and serve immediately.",1464,55g,176g,53g,(Turkey breast (raw); 15; grams; 17 kcal) | (Bacon (raw); 100; grams; 417 kcal) | (Lettuce (iceberg); 50; grams; 7 kcal) | (Tomato; 15; grams; 3 kcal) | (Mayonnaise; 150; grams; 1020 kcal)
Garlic Butter Salmon (Style #198),Flaky pan-seared salmon fillet basted with a decadent garlic and herb butter sauce.,14 mins,dinner,"Step 1: Prep and clean all raw items. Step 2: Combine your base elements (Salmon fillet (raw), Butter). Step 3: Cook or assemble for 14 minutes. Step 4: Finish with remaining toppings and serve immediately.",312,13g,34g,9g,(Salmon fillet (raw); 30; grams; 43 kcal) | (Butter; 30; grams; 215 kcal) | (Garlic; 30; grams; 45 kcal) | (Lemon; 30; grams; 9 kcal)
Spiced Roasted Chickpeas (Style #199),"Crunchy, oven-roasted garbanzo beans tossed in a drizzle of healthy olive oil.",26 mins,snack,"Step 1: Prep and clean all raw items. Step 2: Combine your base elements (Chickpeas/Garbanzo (canned), Olive oil). Step 3: Cook or assemble for 26 minutes. Step 4: Finish with remaining toppings and serve immediately.",478,25g,50g,18g,(Chickpeas/Garbanzo (canned); 30; grams; 36 kcal) | (Olive oil; 50; grams; 442 kcal)
Avocado Chocolate Mousse (Style #200),A surprisingly rich and creamy healthy mousse combining ripe avocado with sweet cocoa powder.,14 mins,dessert,"Step 1: Prep and clean all raw items. Step 2: Combine your base elements (Avocado, Cocoa powder). Step 3: Cook or assemble for 14 minutes. Step 4: Finish with remaining toppings and serve immediately.",467,24g,59g,12g,(Avocado; 50; grams; 80 kcal) | (Cocoa powder; 150; grams; 342 kcal) | (Maple syrup; 15; grams; 39 kcal) | (Almond milk (unsweetened); 50; grams; 6 kcal)
Greek Yogurt Parfait (Style #201),"Thick Greek yogurt layered with raw oats, sweet berries, and a drizzle of organic honey.",6 mins,breakfast,"Step 1: Prep and clean all raw items. Step 2: Combine your base elements (Greek yogurt (plain, non-fat), Rolled oats). Step 3: Cook or assemble for 6 minutes. Step 4: Finish with remaining toppings and serve immediately.",638,32g,65g,24g,"(Greek yogurt (plain, non-fat); 100; grams; 100 kcal) | (Rolled oats; 15; grams; 57 kcal) | (Blueberries; 30; grams; 17 kcal) | (Raspberries; 15; grams; 8 kcal) | (Honey; 150; grams; 456 kcal)"
Black Bean and Corn Bowl (Style #202),"A hearty vegetarian fiber bowl featuring black beans, sweet corn, and a bright lime dressing.",10 mins,lunch,"Step 1: Prep and clean all raw items. Step 2: Combine your base elements (Black beans (canned), Corn (kernels)). Step 3: Cook or assemble for 10 minutes. Step 4: Finish with remaining toppings and serve immediately.",271,18g,35g,7g,(Black beans (canned); 30; grams; 27 kcal) | (Corn (kernels); 100; grams; 86 kcal) | (Bell pepper (green); 50; grams; 10 kcal) | (Olive oil; 15; grams; 133 kcal) | (Lime; 50; grams; 15 kcal)
Chicken Alfredo Pasta (Style #203),Tender grilled chicken tossed with fettuccine or egg noodles in a rich heavy cream sauce.,19 mins,dinner,"Step 1: Prep and clean all raw items. Step 2: Combine your base elements (Chicken breast (raw), Egg noodles (dry)). Step 3: Cook or assemble for 19 minutes. Step 4: Finish with remaining toppings and serve immediately.",1755,97g,210g,52g,(Chicken breast (raw); 150; grams; 180 kcal) | (Egg noodles (dry); 30; grams; 114 kcal) | (Heavy cream; 50; grams; 170 kcal) | (Parmesan cheese (grated); 50; grams; 215 kcal) | (Butter; 150; grams; 1076 kcal)
Celery and Peanut Butter (Style #204),"Crispy, refreshing celery stalks filled with rich, savory peanut butter.",5 mins,snack,"Step 1: Prep and clean all raw items. Step 2: Combine your base elements (Celery, Peanut butter). Step 3: Cook or assemble for 5 minutes. Step 4: Finish with remaining toppings and serve immediately.",200,13g,21g,6g,(Celery; 150; grams; 24 kcal) | (Peanut butter; 30; grams; 176 kcal)
Classic Chocolate Chip Cookies (Style #205),"Warm, chewy homemade cookies packed generously with sweet semi-sweet chocolate chips.",19 mins,dessert,"Step 1: Prep and clean all raw items. Step 2: Combine your base elements (All-purpose flour, Butter). Step 3: Cook or assemble for 19 minutes. Step 4: Finish with remaining toppings and serve immediately.",2230,110g,278g,50g,(All-purpose flour; 15; grams; 55 kcal) | (Butter; 100; grams; 717 kcal) | (Sugar (granulated); 50; grams; 194 kcal) | (Brown sugar; 150; grams; 570 kcal) | (Chocolate chips (semi-sweet); 100; grams; 480 kcal) | (Large egg; 150; grams; 214 kcal)
Fluffy Protein Pancakes (Style #206),"Deliciously light homemade pancakes elevated with milk, egg, and a touch of sweetness.",15 mins,breakfast,"Step 1: Prep and clean all raw items. Step 2: Combine your base elements (All-purpose flour, Whole milk). Step 3: Cook or assemble for 15 minutes. Step 4: Finish with remaining toppings and serve immediately.",1161,64g,145g,29g,(All-purpose flour; 50; grams; 182 kcal) | (Whole milk; 100; grams; 61 kcal) | (Large egg; 100; grams; 143 kcal) | (Sugar (granulated); 15; grams; 58 kcal) | (Butter; 100; grams; 717 kcal)
Egg Salad Salad (Style #207),Rich chopped hard-boiled eggs mashed with mayonnaise and served over fresh salad greens.,12 mins,lunch,"Step 1: Prep and clean all raw items. Step 2: Combine your base elements (Large egg, Mayonnaise). Step 3: Cook or assemble for 12 minutes. Step 4: Finish with remaining toppings and serve immediately.",1270,55g,163g,35g,(Large egg; 150; grams; 214 kcal) | (Mayonnaise; 150; grams; 1020 kcal) | (Lettuce (romaine); 30; grams; 30 kcal) | (Yellow onion; 15; grams; 6 kcal)
Classic Pork Chop Dinner (Style #208),"Thick, juicy boneless pork chops pan-seared alongside seasoned roasted russet potatoes.",26 mins,dinner,"Step 1: Prep and clean all raw items. Step 2: Combine your base elements (Pork chop (raw, boneless), Russet potato). Step 3: Cook or assemble for 26 minutes. Step 4: Finish with remaining toppings and serve immediately.",396,26g,42g,12g,"(Pork chop (raw, boneless); 30; grams; 30 kcal) | (Russet potato; 100; grams; 79 kcal) | (Olive oil; 30; grams; 265 kcal) | (Garlic; 15; grams; 22 kcal)"
Mixed Nuts Energy Mix (Style #209),"A crunchy, nutrient-dense handful of whole almonds, walnuts, and toasted cashews.",5 mins,snack,"Step 1: Prep and clean all raw items. Step 2: Combine your base elements (Almonds, Walnuts). Step 3: Cook or assemble for 5 minutes. Step 4: Finish with remaining toppings and serve immediately.",760,46g,83g,26g,(Almonds; 100; grams; 579 kcal) | (Walnuts; 15; grams; 98 kcal) | (Cashews; 15; grams; 83 kcal)
Fudgy Cocoa Brownies (Style #210),"Rich, dense, and intensely chocolatey brownies made using dark cocoa powder.",26 mins,dessert,"Step 1: Prep and clean all raw items. Step 2: Combine your base elements (Cocoa powder, Sugar (granulated)). Step 3: Cook or assemble for 26 minutes. Step 4: Finish with remaining toppings and serve immediately.",2236,103g,230g,53g,(Cocoa powder; 150; grams; 342 kcal) | (Sugar (granulated); 15; grams; 58 kcal) | (Butter; 150; grams; 1076 kcal) | (All-purpose flour; 150; grams; 546 kcal) | (Large egg; 150; grams; 214 kcal)
Peanut Butter Banana Oats (Style #211),"Thick, creamy oatmeal swirled with rich peanut butter and sweet sliced banana.",9 mins,breakfast,"Step 1: Prep and clean all raw items. Step 2: Combine your base elements (Rolled oats, Whole milk). Step 3: Cook or assemble for 9 minutes. Step 4: Finish with remaining toppings and serve immediately.",464,21g,60g,16g,(Rolled oats; 50; grams; 190 kcal) | (Whole milk; 15; grams; 9 kcal) | (Peanut butter; 30; grams; 176 kcal) | (Banana; 100; grams; 89 kcal)
Black Bean and Corn Bowl (Style #212),"A hearty vegetarian fiber bowl featuring black beans, sweet corn, and a bright lime dressing.",9 mins,lunch,"Step 1: Prep and clean all raw items. Step 2: Combine your base elements (Black beans (canned), Corn (kernels)). Step 3: Cook or assemble for 9 minutes. Step 4: Finish with remaining toppings and serve immediately.",431,21g,51g,16g,(Black beans (canned); 150; grams; 136 kcal) | (Corn (kernels); 150; grams; 129 kcal) | (Bell pepper (green); 15; grams; 3 kcal) | (Olive oil; 15; grams; 133 kcal) | (Lime; 100; grams; 30 kcal)
Ribeye Steak and Potatoes (Style #213),"A premium, juicy ribeye steak seared to perfection and paired with a fluffy baked potato.",29 mins,dinner,"Step 1: Prep and clean all raw items. Step 2: Combine your base elements (Ribeye steak (raw), Russet potato). Step 3: Cook or assemble for 29 minutes. Step 4: Finish with remaining toppings and serve immediately.",539,29g,69g,21g,(Ribeye steak (raw); 100; grams; 291 kcal) | (Russet potato; 150; grams; 118 kcal) | (Butter; 15; grams; 108 kcal) | (Garlic; 15; grams; 22 kcal)
Guacamole and Cucumber (Style #214),"Crisp, hydrating cucumber rounds used to scoop up creamy seasoned avocado mash.",8 mins,snack,"Step 1: Prep and clean all raw items. Step 2: Combine your base elements (Avocado, Cucumber). Step 3: Cook or assemble for 8 minutes. Step 4: Finish with remaining toppings and serve immediately.",266,14g,34g,6g,(Avocado; 150; grams; 240 kcal) | (Cucumber; 150; grams; 22 kcal) | (Lime; 15; grams; 4 kcal)
Dark Chocolate Berry Bark (Style #215),Decadent melted 70% dark chocolate topped with naturally sweet freeze-dried raspberries.,12 mins,dessert,"Step 1: Prep and clean all raw items. Step 2: Combine your base elements (Dark chocolate (70%), Raspberries). Step 3: Cook or assemble for 12 minutes. Step 4: Finish with remaining toppings and serve immediately.",377,18g,40g,13g,(Dark chocolate (70%); 50; grams; 299 kcal) | (Raspberries; 150; grams; 78 kcal)
Cheesy Bacon Omelet (Style #216),A classic hearty three-egg omelet loaded with crispy bacon and melted cheddar.,10 mins,breakfast,"Step 1: Prep and clean all raw items. Step 2: Combine your base elements (Large egg, Bacon (raw)). Step 3: Cook or assemble for 10 minutes. Step 4: Finish with remaining toppings and serve immediately.",1365,96g,142g,47g,(Large egg; 15; grams; 21 kcal) | (Bacon (raw); 50; grams; 208 kcal) | (Cheddar cheese; 15; grams; 60 kcal) | (Butter; 150; grams; 1076 kcal)
Classic BLT (Style #217),Crispy smoked bacon slices layered with fresh tomatoes and crisp iceberg lettuce.,5 mins,lunch,"Step 1: Prep and clean all raw items. Step 2: Combine your base elements (Bacon (raw), Tomato). Step 3: Cook or assemble for 5 minutes. Step 4: Finish with remaining toppings and serve immediately.",454,25g,62g,12g,(Bacon (raw); 15; grams; 63 kcal) | (Tomato; 15; grams; 3 kcal) | (Lettuce (iceberg); 15; grams; 2 kcal) | (Mayonnaise; 30; grams; 204 kcal) | (All-purpose flour; 50; grams; 182 kcal)
Hearty Ground Beef Skillet (Style #218),A comfort-food favorite featuring ground beef cooked down with onions and tomato paste.,21 mins,dinner,"Step 1: Prep and clean all raw items. Step 2: Combine your base elements (Ground beef (80/20, raw), Yellow onion). Step 3: Cook or assemble for 21 minutes. Step 4: Finish with remaining toppings and serve immediately.",693,47g,75g,17g,"(Ground beef (80/20, raw); 150; grams; 150 kcal) | (Yellow onion; 15; grams; 6 kcal) | (Tomato paste; 150; grams; 123 kcal) | (Garlic; 100; grams; 149 kcal) | (Olive oil; 30; grams; 265 kcal)"
Apple with Peanut Butter (Style #219),"Crisp, sweet apple slices paired perfectly with a serving of creamy peanut butter.",5 mins,snack,"Step 1: Prep and clean all raw items. Step 2: Combine your base elements (Apple (with skin), Peanut butter). Step 3: Cook or assemble for 5 minutes. Step 4: Finish with remaining toppings and serve immediately.",302,20g,32g,10g,(Apple (with skin); 15; grams; 8 kcal) | (Peanut butter; 50; grams; 294 kcal)
Classic Chocolate Chip Cookies (Style #220),"Warm, chewy homemade cookies packed generously with sweet semi-sweet chocolate chips.",19 mins,dessert,"Step 1: Prep and clean all raw items. Step 2: Combine your base elements (All-purpose flour, Butter). Step 3: Cook or assemble for 19 minutes. Step 4: Finish with remaining toppings and serve immediately.",2387,141g,254g,57g,(All-purpose flour; 150; grams; 546 kcal) | (Butter; 100; grams; 717 kcal) | (Sugar (granulated); 100; grams; 387 kcal) | (Brown sugar; 30; grams; 114 kcal) | (Chocolate chips (semi-sweet); 100; grams; 480 kcal) | (Large egg; 100; grams; 143 kcal)
Savory Breakfast Quinoa (Style #221),"A warm, protein-packed quinoa bowl cooked with savory garlic, spinach, and soft egg.",12 mins,breakfast,"Step 1: Prep and clean all raw items. Step 2: Combine your base elements (Quinoa (uncooked), Large egg). Step 3: Cook or assemble for 12 minutes. Step 4: Finish with remaining toppings and serve immediately.",556,23g,66g,21g,(Quinoa (uncooked); 50; grams; 184 kcal) | (Large egg; 150; grams; 214 kcal) | (Spinach (raw); 15; grams; 3 kcal) | (Garlic; 15; grams; 22 kcal) | (Olive oil; 15; grams; 133 kcal)
Tomato Zucchini Pasta (Style #222),Al dente spaghetti tossed with freshly sauteed garden zucchini and rich tomato paste.,18 mins,lunch,"Step 1: Prep and clean all raw items. Step 2: Combine your base elements (Spaghetti (dry), Zucchini). Step 3: Cook or assemble for 18 minutes. Step 4: Finish with remaining toppings and serve immediately.",2055,150g,256g,65g,(Spaghetti (dry); 150; grams; 556 kcal) | (Zucchini; 30; grams; 5 kcal) | (Tomato paste; 150; grams; 123 kcal) | (Olive oil; 150; grams; 1326 kcal) | (Garlic; 30; grams; 45 kcal)
Garlic Butter Salmon (Style #223),Flaky pan-seared salmon fillet basted with a decadent garlic and herb butter sauce.,16 mins,dinner,"Step 1: Prep and clean all raw items. Step 2: Combine your base elements (Salmon fillet (raw), Butter). Step 3: Cook or assemble for 16 minutes. Step 4: Finish with remaining toppings and serve immediately.",1123,55g,151g,40g,(Salmon fillet (raw); 150; grams; 213 kcal) | (Butter; 100; grams; 717 kcal) | (Garlic; 100; grams; 149 kcal) | (Lemon; 150; grams; 44 kcal)
Celery and Peanut Butter (Style #224),"Crispy, refreshing celery stalks filled with rich, savory peanut butter.",5 mins,snack,"Step 1: Prep and clean all raw items. Step 2: Combine your base elements (Celery, Peanut butter). Step 3: Cook or assemble for 5 minutes. Step 4: Finish with remaining toppings and serve immediately.",590,34g,81g,22g,(Celery; 15; grams; 2 kcal) | (Peanut butter; 100; grams; 588 kcal)
Sweet Marshmallow Delights (Style #225),Gooey melted marshmallows blended into crispy puffed rice alternatives or simple treats.,11 mins,dessert,"Step 1: Prep and clean all raw items. Step 2: Combine your base elements (Marshmallows, Butter). Step 3: Cook or assemble for 11 minutes. Step 4: Finish with remaining toppings and serve immediately.",517,39g,64g,13g,(Marshmallows; 50; grams; 159 kcal) | (Butter; 50; grams; 358 kcal)
Classic French Toast (Style #226),"Golden pan-fried bread dipped in a rich, sweetened egg and dairy custard mixture.",8 mins,breakfast,"Step 1: Prep and clean all raw items. Step 2: Combine your base elements (All-purpose flour, Whole milk). Step 3: Cook or assemble for 8 minutes. Step 4: Finish with remaining toppings and serve immediately.",1545,102g,184g,40g,(All-purpose flour; 150; grams; 546 kcal) | (Whole milk; 100; grams; 61 kcal) | (Large egg; 100; grams; 143 kcal) | (Sugar (granulated); 150; grams; 580 kcal) | (Butter; 30; grams; 215 kcal)
Spinach and Feta Salad (Style #227),Crisp spinach greens tossed with tangy crumbles of feta cheese and roasted sunflower seeds.,7 mins,lunch,"Step 1: Prep and clean all raw items. Step 2: Combine your base elements (Spinach (raw), Feta cheese). Step 3: Cook or assemble for 7 minutes. Step 4: Finish with remaining toppings and serve immediately.",1080,57g,125g,27g,(Spinach (raw); 100; grams; 23 kcal) | (Feta cheese; 150; grams; 396 kcal) | (Sunflower seeds (hulled); 30; grams; 175 kcal) | (Olive oil; 50; grams; 442 kcal) | (Balsamic vinegar; 50; grams; 44 kcal)
Classic Pork Chop Dinner (Style #228),"Thick, juicy boneless pork chops pan-seared alongside seasoned roasted russet potatoes.",29 mins,dinner,"Step 1: Prep and clean all raw items. Step 2: Combine your base elements (Pork chop (raw, boneless), Russet potato). Step 3: Cook or assemble for 29 minutes. Step 4: Finish with remaining toppings and serve immediately.",1549,79g,201g,37g,"(Pork chop (raw, boneless); 50; grams; 50 kcal) | (Russet potato; 30; grams; 24 kcal) | (Olive oil; 150; grams; 1326 kcal) | (Garlic; 100; grams; 149 kcal)"
Apple with Peanut Butter (Style #229),"Crisp, sweet apple slices paired perfectly with a serving of creamy peanut butter.",5 mins,snack,"Step 1: Prep and clean all raw items. Step 2: Combine your base elements (Apple (with skin), Peanut butter). Step 3: Cook or assemble for 5 minutes. Step 4: Finish with remaining toppings and serve immediately.",114,5g,13g,3g,(Apple (with skin); 50; grams; 26 kcal) | (Peanut butter; 15; grams; 88 kcal)
Avocado Chocolate Mousse (Style #230),A surprisingly rich and creamy healthy mousse combining ripe avocado with sweet cocoa powder.,14 mins,dessert,"Step 1: Prep and clean all raw items. Step 2: Combine your base elements (Avocado, Cocoa powder). Step 3: Cook or assemble for 14 minutes. Step 4: Finish with remaining toppings and serve immediately.",402,28g,54g,9g,(Avocado; 15; grams; 24 kcal) | (Cocoa powder; 100; grams; 228 kcal) | (Maple syrup; 50; grams; 130 kcal) | (Almond milk (unsweetened); 150; grams; 20 kcal)
Peanut Butter Banana Oats (Style #231),"Thick, creamy oatmeal swirled with rich peanut butter and sweet sliced banana.",8 mins,breakfast,"Step 1: Prep and clean all raw items. Step 2: Combine your base elements (Rolled oats, Whole milk). Step 3: Cook or assemble for 8 minutes. Step 4: Finish with remaining toppings and serve immediately.",264,17g,28g,7g,(Rolled oats; 15; grams; 57 kcal) | (Whole milk; 50; grams; 30 kcal) | (Peanut butter; 15; grams; 88 kcal) | (Banana; 100; grams; 89 kcal)
Chicken Rice Bowl (Style #232),Lean grilled chicken breast served over fluffy white rice with a side of steamed broccoli.,22 mins,lunch,"Step 1: Prep and clean all raw items. Step 2: Combine your base elements (Chicken breast (raw), White rice (uncooked)). Step 3: Cook or assemble for 22 minutes. Step 4: Finish with remaining toppings and serve immediately.",564,34g,72g,21g,(Chicken breast (raw); 50; grams; 60 kcal) | (White rice (uncooked); 50; grams; 180 kcal) | (Broccoli; 150; grams; 51 kcal) | (Soy sauce; 15; grams; 8 kcal) | (Sesame oil; 30; grams; 265 kcal)
Baked Cod with Asparagus (Style #233),Light and flaky wild cod fillet baked beautifully alongside tender asparagus spears.,18 mins,dinner,"Step 1: Prep and clean all raw items. Step 2: Combine your base elements (Cod fillet (raw), Asparagus). Step 3: Cook or assemble for 18 minutes. Step 4: Finish with remaining toppings and serve immediately.",948,57g,128g,29g,(Cod fillet (raw); 30; grams; 25 kcal) | (Asparagus; 150; grams; 30 kcal) | (Olive oil; 100; grams; 884 kcal) | (Lemon; 30; grams; 9 kcal)
Celery and Peanut Butter (Style #234),"Crispy, refreshing celery stalks filled with rich, savory peanut butter.",5 mins,snack,"Step 1: Prep and clean all raw items. Step 2: Combine your base elements (Celery, Peanut butter). Step 3: Cook or assemble for 5 minutes. Step 4: Finish with remaining toppings and serve immediately.",296,17g,40g,10g,(Celery; 15; grams; 2 kcal) | (Peanut butter; 50; grams; 294 kcal)
Classic Chocolate Chip Cookies (Style #235),"Warm, chewy homemade cookies packed generously with sweet semi-sweet chocolate chips.",20 mins,dessert,"Step 1: Prep and clean all raw items. Step 2: Combine your base elements (All-purpose flour, Butter). Step 3: Cook or assemble for 20 minutes. Step 4: Finish with remaining toppings and serve immediately.",873,40g,112g,30g,(All-purpose flour; 100; grams; 364 kcal) | (Butter; 15; grams; 108 kcal) | (Sugar (granulated); 15; grams; 58 kcal) | (Brown sugar; 15; grams; 57 kcal) | (Chocolate chips (semi-sweet); 15; grams; 72 kcal) | (Large egg; 150; grams; 214 kcal)
Avocado Toast (Style #236),Creamy smashed avocado over toasted whole wheat or simple bread alternatives.,7 mins,breakfast,"Step 1: Prep and clean all raw items. Step 2: Combine your base elements (Avocado, All-purpose flour). Step 3: Cook or assemble for 7 minutes. Step 4: Finish with remaining toppings and serve immediately.",1166,68g,153g,42g,(Avocado; 100; grams; 160 kcal) | (All-purpose flour; 150; grams; 546 kcal) | (Olive oil; 50; grams; 442 kcal) | (Tomato; 100; grams; 18 kcal)
Turkey Club Salad (Style #237),Lean deli turkey strips served over crunchy iceberg lettuce with bacon and tomatoes.,13 mins,lunch,"Step 1: Prep and clean all raw items. Step 2: Combine your base elements (Turkey breast (raw), Bacon (raw)). Step 3: Cook or assemble for 13 minutes. Step 4: Finish with remaining toppings and serve immediately.",667,26g,87g,18g,(Turkey breast (raw); 15; grams; 17 kcal) | (Bacon (raw); 100; grams; 417 kcal) | (Lettuce (iceberg); 15; grams; 2 kcal) | (Tomato; 150; grams; 27 kcal) | (Mayonnaise; 30; grams; 204 kcal)
Shrimp Scampi Noodles (Style #238),"Plump, juicy shrimp sauteed in a bright, savory garlic, lemon, and butter sauce over noodles.",20 mins,dinner,"Step 1: Prep and clean all raw items. Step 2: Combine your base elements (Shrimp (raw), Egg noodles (dry)). Step 3: Cook or assemble for 20 minutes. Step 4: Finish with remaining toppings and serve immediately.",504,24g,61g,16g,(Shrimp (raw); 15; grams; 13 kcal) | (Egg noodles (dry); 50; grams; 190 kcal) | (Butter; 15; grams; 108 kcal) | (Garlic; 100; grams; 149 kcal) | (Lemon; 150; grams; 44 kcal)
Banana Almond Smoothie (Style #239),"A thick, satisfying blended snack featuring sweet banana, almond milk, and almond butter.",8 mins,snack,"Step 1: Prep and clean all raw items. Step 2: Combine your base elements (Banana, Almond milk (unsweetened)). Step 3: Cook or assemble for 8 minutes. Step 4: Finish with remaining toppings and serve immediately.",230,10g,28g,7g,(Banana; 50; grams; 44 kcal) | (Almond milk (unsweetened); 15; grams; 2 kcal) | (Almond butter; 30; grams; 184 kcal)
Sweet Marshmallow Delights (Style #240),Gooey melted marshmallows blended into crispy puffed rice alternatives or simple treats.,10 mins,dessert,"Step 1: Prep and clean all raw items. Step 2: Combine your base elements (Marshmallows, Butter). Step 3: Cook or assemble for 10 minutes. Step 4: Finish with remaining toppings and serve immediately.",765,39g,101g,19g,(Marshmallows; 15; grams; 48 kcal) | (Butter; 100; grams; 717 kcal)
Cheesy Bacon Omelet (Style #241),A classic hearty three-egg omelet loaded with crispy bacon and melted cheddar.,13 mins,breakfast,"Step 1: Prep and clean all raw items. Step 2: Combine your base elements (Large egg, Bacon (raw)). Step 3: Cook or assemble for 13 minutes. Step 4: Finish with remaining toppings and serve immediately.",815,39g,111g,21g,(Large egg; 50; grams; 72 kcal) | (Bacon (raw); 30; grams; 125 kcal) | (Cheddar cheese; 100; grams; 403 kcal) | (Butter; 30; grams; 215 kcal)
Quinoa Mediterranean Bowl (Style #242),"A refreshing whole-grain bowl mixed with cucumbers, tomatoes, and zesty feta cheese.",18 mins,lunch,"Step 1: Prep and clean all raw items. Step 2: Combine your base elements (Quinoa (uncooked), Cucumber). Step 3: Cook or assemble for 18 minutes. Step 4: Finish with remaining toppings and serve immediately.",989,69g,130g,34g,(Quinoa (uncooked); 150; grams; 552 kcal) | (Cucumber; 150; grams; 22 kcal) | (Tomato; 100; grams; 18 kcal) | (Feta cheese; 100; grams; 264 kcal) | (Olive oil; 15; grams; 133 kcal)
Turkey Rice Casserole (Style #243),Savory ground turkey combined with wholesome brown rice and sweet green peas.,30 mins,dinner,"Step 1: Prep and clean all raw items. Step 2: Combine your base elements (Ground turkey, Brown rice (uncooked)). Step 3: Cook or assemble for 30 minutes. Step 4: Finish with remaining toppings and serve immediately.",770,34g,90g,27g,(Ground turkey; 100; grams; 143 kcal) | (Brown rice (uncooked); 150; grams; 540 kcal) | (Green peas; 100; grams; 81 kcal) | (Yellow onion; 15; grams; 6 kcal)
Guacamole and Cucumber (Style #244),"Crisp, hydrating cucumber rounds used to scoop up creamy seasoned avocado mash.",5 mins,snack,"Step 1: Prep and clean all raw items. Step 2: Combine your base elements (Avocado, Cucumber). Step 3: Cook or assemble for 5 minutes. Step 4: Finish with remaining toppings and serve immediately.",71,4g,9g,2g,(Avocado; 30; grams; 48 kcal) | (Cucumber; 50; grams; 8 kcal) | (Lime; 50; grams; 15 kcal)
Creamy Rice Pudding (Style #245),"Soft white rice simmered patiently in milk, sugar, and rich vanilla extract until thick.",38 mins,dessert,"Step 1: Prep and clean all raw items. Step 2: Combine your base elements (White rice (uncooked), Whole milk). Step 3: Cook or assemble for 38 minutes. Step 4: Finish with remaining toppings and serve immediately.",650,33g,72g,16g,(White rice (uncooked); 150; grams; 540 kcal) | (Whole milk; 15; grams; 9 kcal) | (Sugar (granulated); 15; grams; 58 kcal) | (Vanilla extract; 15; grams; 43 kcal)
Berry Oatmeal (Style #246),"A classic, heart-healthy rolled oats breakfast topped with sweet fresh berries.",6 mins,breakfast,"Step 1: Prep and clean all raw items. Step 2: Combine your base elements (Rolled oats, Whole milk). Step 3: Cook or assemble for 6 minutes. Step 4: Finish with remaining toppings and serve immediately.",402,19g,53g,15g,(Rolled oats; 30; grams; 114 kcal) | (Whole milk; 150; grams; 92 kcal) | (Blueberries; 100; grams; 57 kcal) | (Strawberries; 150; grams; 48 kcal) | (Honey; 30; grams; 91 kcal)
Chicken Rice Bowl (Style #247),Lean grilled chicken breast served over fluffy white rice with a side of steamed broccoli.,18 mins,lunch,"Step 1: Prep and clean all raw items. Step 2: Combine your base elements (Chicken breast (raw), White rice (uncooked)). Step 3: Cook or assemble for 18 minutes. Step 4: Finish with remaining toppings and serve immediately.",326,21g,35g,10g,(Chicken breast (raw); 15; grams; 18 kcal) | (White rice (uncooked); 30; grams; 108 kcal) | (Broccoli; 150; grams; 51 kcal) | (Soy sauce; 30; grams; 16 kcal) | (Sesame oil; 15; grams; 133 kcal)
Ribeye Steak and Potatoes (Style #248),"A premium, juicy ribeye steak seared to perfection and paired with a fluffy baked potato.",35 mins,dinner,"Step 1: Prep and clean all raw items. Step 2: Combine your base elements (Ribeye steak (raw), Russet potato). Step 3: Cook or assemble for 35 minutes. Step 4: Finish with remaining toppings and serve immediately.",807,41g,108g,21g,(Ribeye steak (raw); 15; grams; 44 kcal) | (Russet potato; 30; grams; 24 kcal) | (Butter; 100; grams; 717 kcal) | (Garlic; 15; grams; 22 kcal)
Banana Almond Smoothie (Style #249),"A thick, satisfying blended snack featuring sweet banana, almond milk, and almond butter.",8 mins,snack,"Step 1: Prep and clean all raw items. Step 2: Combine your base elements (Banana, Almond milk (unsweetened)). Step 3: Cook or assemble for 8 minutes. Step 4: Finish with remaining toppings and serve immediately.",364,24g,47g,14g,(Banana; 50; grams; 44 kcal) | (Almond milk (unsweetened); 100; grams; 13 kcal) | (Almond butter; 50; grams; 307 kcal)
Fudgy Cocoa Brownies (Style #250),"Rich, dense, and intensely chocolatey brownies made using dark cocoa powder.",27 mins,dessert,"Step 1: Prep and clean all raw items. Step 2: Combine your base elements (Cocoa powder, Sugar (granulated)). Step 3: Cook or assemble for 27 minutes. Step 4: Finish with remaining toppings and serve immediately.",1543,63g,199g,36g,(Cocoa powder; 100; grams; 228 kcal) | (Sugar (granulated); 15; grams; 58 kcal) | (Butter; 150; grams; 1076 kcal) | (All-purpose flour; 30; grams; 109 kcal) | (Large egg; 50; grams; 72 kcal)
